timestamp,open,high,low,close,volume,RSI,MACD,MACD_signal,bb_upper,bb_lower,VWAP,label
2025-05-02 19:00:00+00:00,567.0800170898438,567.1400146484375,566.1500244140625,566.9600219726562,1154165.0,51.61936651741656,0.372785208783057,0.4733458137395187,568.1983063410985,566.3201690006983,567.2280879025319,0.0
2025-05-02 19:10:00+00:00,566.9349975585938,567.489990234375,566.3800048828125,567.4002075195312,1101064.0,55.61770731880692,0.3609181430122135,0.45086027959405767,568.1302971620831,566.5052069883076,567.1960791045174,0.0
2025-05-02 19:20:00+00:00,567.405029296875,567.9299926757812,567.3499755859375,567.6699829101562,2105043.0,57.9133477967615,0.3690281010706258,0.43449384388937135,568.1660538489342,566.5174483483314,567.2774362510709,0.0
2025-05-02 19:30:00+00:00,567.6400146484375,567.780029296875,567.0900268554688,567.6649780273438,1520864.0,57.8535616577057,0.3707773584580991,0.4217505468031169,568.1462907579978,566.5237104627054,567.3326111762193,0.0
2025-05-02 19:40:00+00:00,567.6799926757812,567.8300170898438,566.02001953125,566.239990234375,1614248.0,43.943759317700206,0.2542482363628551,0.38825008471506456,568.2284045027945,566.3475964737679,567.2807150523682,0.0
2025-05-02 19:50:00+00:00,566.219970703125,567.5999755859375,566.1500244140625,566.6199951171875,7053319.0,47.564356245494345,0.1903668551581177,0.3486734388036752,568.1594030622437,566.2866052385375,567.1200237215559,0.0
2025-05-05 12:00:00+00:00,563.85,564.49,563.19,563.38,19990.0,29.85729394787326,-0.1203132318310054,0.2548761046767391,568.9076052039437,565.1094048058218,567.1164701177928,0.0
2025-05-05 12:10:00+00:00,563.43,563.56,563.27,563.54,9531.0,31.21903173104333,-0.3495889326705992,0.13398309720727145,569.2203924491025,564.400617560663,567.1136870341309,0.0
2025-05-05 12:20:00+00:00,563.55,563.56,563.17,563.17,3550.0,29.779267415051393,-0.5547526420729127,-0.003764050648765393,569.5086962538302,563.7403122910918,567.0964662347252,0.0
2025-05-05 12:30:00+00:00,563.13,563.13,562.67,562.7,19110.0,28.01202051178329,-0.746664350099536,-0.15234411053891952,569.7780992954615,563.0729099818823,567.0697880061596,0.0
2025-05-05 12:40:00+00:00,562.6,562.71,562.45,562.45,21182.0,27.091070166888215,-0.9084565504041393,-0.3035665985119635,569.9757244636745,562.4422818839818,567.0451951258756,0.0
2025-05-05 12:50:00+00:00,562.31,562.38,561.7,562.19,16615.0,26.128944782778902,-1.045604780837607,-0.4519742349770922,570.0961167428312,561.8378866751376,566.994518930866,0.0
2025-05-05 13:00:00+00:00,562.12,562.37,561.76,561.76,16967.0,24.574517863072032,-1.175443368432525,-0.5966680616681788,570.1796743376585,561.2223212678102,566.971393318847,0.0
2025-05-05 13:10:00+00:00,561.81,562.28,561.77,562.25,11505.0,29.706398434218414,-1.2246850724635578,-0.7222714638272546,570.110454757139,560.7915408483298,566.9642412473037,0.0
2025-05-05 13:20:00+00:00,562.28,562.74,562.27,562.64,3850.0,33.57996274900651,-1.2181971189555725,-0.8214565948529182,569.8948409226484,560.5036864211015,566.9812756631076,0.0
2025-05-05 13:30:00+00:00,562.5700073242188,563.2000122070312,562.0800170898438,562.510009765625,5203809.0,32.92863510895516,-1.2096009675937012,-0.8990854694010748,569.6257952617032,560.252724757828,565.6795202910023,0.0
2025-05-05 13:40:00+00:00,562.510009765625,562.8900146484375,561.8200073242188,562.6500244140625,1410522.0,34.40448063914245,-1.1779122050547812,-0.9548508165318161,569.3035946160832,560.074925403448,565.1655785325393,0.0
2025-05-05 13:50:00+00:00,562.6599731445312,563.2999877929688,561.7000122070312,562.989990234375,1131642.0,37.973333683389505,-1.1125415455472876,-0.9863889623349105,568.8226988900155,560.043821617797,564.7785556926336,0.0
2025-05-05 14:00:00+00:00,563.0700073242188,564.2891235351562,562.4299926757812,563.489990234375,1711711.0,42.894331183377574,-1.0087606408555985,-0.9908632980390482,568.5390527458497,559.9984638557127,564.4508508266952,0.0
2025-05-05 14:10:00+00:00,563.3599853515625,564.1300048828125,563.0599975585938,563.8602905273438,835503.0,46.2927459869134,-0.8864153429731232,-0.9699737070258632,568.1762543557077,560.0372937399954,562.8052306647132,0.0
2025-05-05 14:20:00+00:00,563.719970703125,564.1099853515625,563.2100219726562,563.6900024414062,738094.0,44.96745760688783,-0.7940434002856591,-0.9347876456778224,567.7981757508633,560.0883703917148,562.860977598001,0.0
2025-05-05 14:30:00+00:00,563.6900024414062,564.469970703125,562.9199829101562,564.2050170898438,947666.0,49.66121044178813,-0.6715395028597868,-0.8821380171142154,567.3022924687665,560.2647346308428,562.9393252283687,0.0
2025-05-05 14:40:00+00:00,564.239990234375,564.7899780273438,564.14501953125,564.5599975585938,940924.0,52.65839299536355,-0.5395902637471863,-0.8136284664408096,566.6914668535996,560.5645617108535,563.0519868433355,0.0
2025-05-05 14:50:00+00:00,564.56201171875,565.1900024414062,564.2999877929688,565.0,749221.0,56.143972766893924,-0.3949621436037205,-0.7298952018733917,566.0306625168384,560.9588682448803,563.1492486748158,0.0
2025-05-05 15:00:00+00:00,565.010009765625,565.260009765625,564.5,564.7000122070312,1177459.0,53.26456233662977,-0.30107917092357184,-0.6441319956834278,565.6959962844389,561.1395366745455,563.2821899735947,0.0
2025-05-05 15:10:00+00:00,564.6900024414062,564.969970703125,564.4500122070312,564.9099731445312,1262888.0,55.00394245083601,-0.20734401302968308,-0.5567743991526789,565.2178877686401,561.4466429930785,563.4003398098508,0.0
2025-05-05 15:20:00+00:00,564.9299926757812,565.3099975585938,564.52001953125,564.8048706054688,683295.0,53.922074717169025,-0.1399261401545573,-0.4734047473530546,565.3956250567461,561.4113927655195,563.4618733782677,0.0
2025-05-05 15:30:00+00:00,564.8090209960938,565.030029296875,563.8400268554688,563.9650268554688,603670.0,46.11647274082226,-0.15250735211668598,-0.4092252683057809,565.4312633753165,561.418257132496,563.4911003905515,0.0
2025-05-05 15:40:00+00:00,563.9583129882812,564.8654174804688,563.9199829101562,564.3800048828125,521687.0,49.97019085898866,-0.12752279119217746,-0.3528847728830602,565.5299931360416,561.440527860052,563.5174295611099,0.0
2025-05-05 15:50:00+00:00,564.3699951171875,565.1300048828125,564.3699951171875,565.0,671616.0,55.13313581970721,-0.05703644161883403,-0.293715106630215,565.7129819426955,561.4875390533985,563.941397270032,0.0
2025-05-05 16:00:00+00:00,565.0,565.77001953125,564.8187866210938,565.3200073242188,798326.0,57.5671716252961,0.024365544071429213,-0.23009897648988617,565.9135784761366,561.5739432523791,564.190806433937,0.0
2025-05-05 16:10:00+00:00,565.3289794921875,565.6599731445312,562.5,562.71,170877.0,38.988801178140584,-0.12034135390456413,-0.20814745197282178,565.8760139850991,561.6635077434165,564.3289250717975,0.0
2025-05-05 16:20:00+00:00,562.7,565.89990234375,562.58,565.7100219726562,898962.0,56.404525107683014,0.006973699390528054,-0.1651232217001518,566.0228325310447,561.9116913947366,564.5057751253374,0.0
2025-05-05 16:30:00+00:00,565.7000122070312,565.719970703125,565.18212890625,565.627197265625,525193.0,55.929850730171005,0.10003538902503806,-0.11209149955511384,566.1541889853532,562.1180546669906,564.6193741556485,0.0
2025-05-05 16:40:00+00:00,565.6253051757812,565.8900146484375,565.5900268554688,565.8300170898438,420472.0,56.88666714327025,0.18798632398659265,-0.052075934846772545,566.3197306564746,562.2715147048536,564.7335768062349,0.0
2025-05-05 16:50:00+00:00,565.8099975585938,565.9598999023438,565.5112915039062,565.6099853515625,792109.0,55.47940343240233,0.23719906799408363,0.0057790657213986915,566.3764308381354,562.5248120817865,564.8885850385366,0.0
2025-05-05 17:00:00+00:00,565.5999755859375,565.6300048828125,565.2000122070312,565.4786987304688,354298.0,54.6113081367592,0.2625799310694674,0.05713923879101244,566.3785843268643,562.8055260246983,564.9468640662072,0.0
2025-05-05 17:10:00+00:00,565.4600219726562,565.6599731445312,564.8400268554688,565.1649780273438,20890204.0,52.49742481401224,0.25444670580998263,0.09660073219480649,566.3429697191659,563.0586394116935,565.1426276572039,0.0
2025-05-05 17:20:00+00:00,565.1599731445312,565.2374877929688,564.9000244140625,565.1599731445312,417940.0,52.46253624700009,0.24477559330762233,0.12623570441736967,566.3392219888199,563.2293854330553,565.1550953209319,0.0
2025-05-05 17:30:00+00:00,565.1500244140625,565.7899780273438,565.0800170898438,565.6500244140625,364603.0,55.57567353029006,0.2735014543774241,0.15568885440938057,566.4116050142275,563.3359757963194,565.1766551834035,0.0
2025-05-05 17:40:00+00:00,565.6500244140625,565.9500122070312,565.4000244140625,565.86279296875,352076.0,56.89555499861938,0.3098636353116717,0.1865238105898388,566.476758546835,563.4881013164464,565.1911021494514,0.0
2025-05-05 17:50:00+00:00,565.8699951171875,566.0800170898438,565.6699829101562,565.6801147460938,298940.0,55.37435342887934,0.3202486922384651,0.21326878691956405,566.5352850659505,563.577084562956,565.2178885922702,0.0
2025-05-05 18:00:00+00:00,565.6799926757812,566.22998046875,565.5701293945312,566.10498046875,555022.0,58.175215599758495,0.3586279974244917,0.2423406290205496,566.6613809284031,563.6054869915188,565.2487576608916,0.0
2025-05-05 18:10:00+00:00,566.0800170898438,566.3400268554688,566.010009765625,566.0900268554688,520098.0,58.03714779762871,0.3834174440471543,0.27055599202587055,566.7697676017244,563.6061030037445,565.2760252523908,0.0
2025-05-05 18:20:00+00:00,566.0900268554688,566.3800048828125,566.0499877929688,566.1500244140625,467660.0,58.4630997472883,0.4032560756303383,0.2970960087467641,566.8786687054511,563.6422031207209,565.2911021766706,0.0
2025-05-05 18:30:00+00:00,566.1300048828125,566.5499877929688,566.0869750976562,566.4400024414062,457128.0,60.54752378883392,0.4373358025491143,0.3251439675072342,567.0248289865086,563.6490457693509,565.3194072811892,0.0
2025-05-05 18:40:00+00:00,566.4400024414062,566.6500244140625,566.27001953125,566.4299926757812,634022.0,60.43478264012285,0.4582540596857143,0.35176598594293024,567.1516590368105,563.6847279260801,565.3654966214661,0.0
2025-05-05 18:50:00+00:00,566.4099731445312,566.5,565.719970703125,565.7849731445312,613806.0,53.51919229352488,0.41796618959688203,0.3650060266737206,567.114291291932,563.904090299865,565.3770929088754,0.0
2025-05-05 19:00:00+00:00,565.2293090820312,565.8800048828125,565.1099853515625,565.3699951171875,809718.0,49.587735636372415,0.34853481125378494,0.3617117835897335,567.0803373487727,564.0370432664618,565.3733335814285,0.0
2025-05-05 19:10:00+00:00,565.3621826171875,565.6400146484375,565.1199951171875,565.25,855144.0,48.47876849996088,0.28059284096707415,0.34548799506520167,567.0783119639859,564.0640686512486,565.3629989932338,0.0
2025-05-05 19:20:00+00:00,565.260009765625,565.280029296875,564.5599975585938,564.77001953125,1923562.0,44.21889270232315,0.185875273110355,0.31356545067423236,567.0877592991368,563.9996225368008,565.329588992959,0.0
2025-05-05 19:30:00+00:00,564.760009765625,565.3699951171875,564.6300048828125,564.9650268554688,867959.0,46.28408445147375,0.1251042555179538,0.2758732116429767,566.5476803211187,564.7652042003657,565.5439196211084,0.0
2025-05-05 19:40:00+00:00,564.9600219726562,565.1900024414062,563.8151245117188,564.1699829101562,1816508.0,39.81241063777037,0.0126436363477751,0.22322729658393636,566.6803155049973,564.4785651102371,565.3629132079366,0.0
2025-05-05 19:50:00+00:00,564.1649780273438,564.5999755859375,563.0900268554688,563.530029296875,3270580.0,35.50853475488489,-0.1266610530797152,0.15324962665120606,566.8914467644494,564.0577170539101,564.9641511732061,0.0
2025-05-05 20:00:00+00:00,565.0,565.77,564.8188,565.32,790833.0,51.35029910582917,-0.09156978724706732,0.10428574387155139,566.8577744647583,564.0403876446165,564.9638344715232,0.0
2025-05-05 20:10:00+00:00,565.329,565.68,565.21,565.57,293270.0,53.08371852265259,-0.04309007997369463,0.07481057910250219,566.8549693447682,564.0391942294506,564.9566538637184,0.0
2025-05-05 20:20:00+00:00,565.59,565.8999,565.38,565.71,639165.0,54.070648868660655,0.006551742875558375,0.06115881185711343,566.8711756620972,564.0461180390745,564.9487840999838,0.0
2025-05-05 20:30:00+00:00,565.7,565.72,565.1821,565.6272,525193.0,53.35577189058823,0.03876511698388185,0.05668007288246712,566.8894279777113,564.0740879207261,564.9252671759343,0.0
2025-05-05 20:40:00+00:00,565.6253,565.89,565.59,565.83,420367.0,54.927591816111416,0.07973952556471886,0.06129196341891747,566.9225939935918,564.1079245903925,564.9081712270424,0.0
2025-05-05 20:50:00+00:00,565.81,565.9599,565.5113,565.61,792027.0,52.84710257482282,0.09338341233819847,0.06771025320277367,566.9199342157925,564.1065819267857,564.905292870943,0.0
2025-05-05 21:00:00+00:00,565.6,565.63,565.2,565.4787,354316.0,51.59113980171224,0.09253479471237824,0.0726751615046946,566.8915749520518,564.0965318936512,564.84866246931,0.0
2025-05-05 21:10:00+00:00,565.46,565.66,564.84,565.165,475789.0,48.618181794788704,0.06579089435354035,0.07129830807446375,566.870133788798,564.0664615822956,564.810335044682,0.0
2025-05-05 21:20:00+00:00,565.16,565.33,564.9,565.16,417880.0,48.57013956320275,0.04368908188610021,0.06577646283679105,566.7973302753022,564.0447670489165,564.7815413630567,0.0
2025-05-05 21:30:00+00:00,565.15,565.79,565.08,565.65,364673.0,53.42713983916064,0.06496328486014136,0.06561382724146111,566.745595580953,564.0524990577189,564.7653060900675,0.0
2025-05-05 21:40:00+00:00,565.65,565.95,565.4,565.8628,352080.0,55.39718107455337,0.09786628394397212,0.07206431858196333,566.7047570181774,564.0646151790882,564.7776876670663,0.0
2025-05-05 21:50:00+00:00,565.87,566.08,565.67,565.6801,298739.0,53.312114519911354,0.10795534266833329,0.07924252339923732,566.5842401971521,564.1091417559727,564.7893015291058,0.0
2025-05-05 22:00:00+00:00,565.68,566.23,565.5701,566.105,554985.0,57.33414685234892,0.14852477223678306,0.09309897316674648,566.5181996816995,564.1426830038473,564.9334500839603,0.0
2025-05-05 22:10:00+00:00,566.08,566.34,566.01,566.09,520230.0,57.146982185724,0.17742076665956574,0.10996333186531033,566.5638492833841,564.1275360877096,565.6003167204522,0.0
2025-05-05 22:20:00+00:00,566.09,566.38,566.05,566.15,467570.0,57.74123599700965,0.20282451423679504,0.12853556833960728,566.6524016305577,564.1169842288173,565.6794450251822,0.0
2025-05-05 22:30:00+00:00,566.13,566.55,566.087,566.44,457224.0,60.586160458263286,0.2435502479314664,0.1515385042579791,566.7903097580983,564.0980761012767,565.7347510176794,0.0
2025-05-05 22:40:00+00:00,566.44,566.65,566.27,566.43,634001.0,60.43507255917942,0.2718846518467899,0.17560773377574126,566.9012139056088,564.153170000641,565.8099781454786,0.0
2025-05-05 22:50:00+00:00,566.41,566.5,565.72,565.785,613827.0,51.51209391752365,0.23953257910989123,0.18839270284257126,566.9214458873529,564.2149353333501,565.8509276568326,0.0
2025-05-05 23:00:00+00:00,565.78,565.88,565.11,565.37,809628.0,46.731282918684414,0.17835038446855833,0.1863842391677687,566.8255879670943,564.430794962593,565.8104545181719,0.0
2025-05-05 23:10:00+00:00,565.3622,565.64,565.12,565.25,855217.0,45.41864666986371,0.118810484000619,0.17286948813433878,566.4573752067973,564.9710047932025,565.7668733913969,0.0
2025-05-05 23:20:00+00:00,565.26,565.28,564.56,564.77,1923514.0,40.51622827293146,0.032517849913233476,0.14479916049011773,566.5212683675621,564.8521116324379,565.5830046869214,0.0
2025-05-05 23:30:00+00:00,564.76,565.37,564.63,564.96,868121.0,43.13281400586843,-0.02030421781807945,0.1117784848284783,566.5482059256441,564.7641740743558,565.5451643858165,0.0
2025-05-05 23:40:00+00:00,564.95,565.19,563.8151,564.17,1816422.0,36.035074330070586,-0.12447758464099934,0.06452727093458277,566.6806206385802,564.4777593614199,565.3627757125737,0.0
2025-05-05 23:50:00+00:00,564.165,564.6,563.09,563.53,3274660.0,31.511161285286164,-0.25573047791090175,0.00047572116548586375,566.8915603667377,564.0570996332623,564.9636663227931,0.0
2025-05-06 00:00:00+00:00,563.57,563.65,562.74,562.92,1039565.0,27.91410613668897,-0.40431060251933104,-0.08048154357147752,567.1186570956727,563.5390029043274,564.8075555262623,0.0
2025-05-06 00:10:00+00:00,562.91,563.05,562.85,562.98,582604.0,28.77533622522148,-0.5113256790357354,-0.1666503706643291,567.2520565493014,563.1426034506985,564.7121252527634,0.0
2025-05-06 00:20:00+00:00,563.0,563.1899,562.76,562.87,65125.0,28.11221923513955,-0.5981172554627392,-0.2529437476240112,567.3519129880922,562.7818770119079,564.6537806228347,0.0
2025-05-06 00:30:00+00:00,564.512,564.512,562.72,562.99,214193.0,30.00716411976984,-0.6497275531709192,-0.3323005087333928,567.4147228241092,562.501567175891,564.5771656179015,0.0
2025-05-06 00:40:00+00:00,563.0,563.25,562.95,563.17,23941.0,32.86581531667116,-0.6683996946439947,-0.3995203459155132,567.4328472115415,562.2844427884586,564.5171811575827,0.0
2025-05-06 00:50:00+00:00,563.24,563.28,563.15,563.24,43371.0,33.9948201838308,-0.6698277291925478,-0.45358182257092017,567.3776884843749,562.0986015156252,564.4468093343207,0.0
2025-05-06 01:00:00+00:00,563.25,563.35,563.16,563.21,20668.0,33.732992919276924,-0.6657063576371911,-0.4960067295841744,567.2721305796241,561.9388794203759,564.340235178512,0.0
2025-05-06 01:10:00+00:00,563.16,563.25,563.0,563.05,113091.0,32.30396295584853,-0.667654498354409,-0.5303362833382214,567.1748676383722,561.7731323616279,564.2406575825171,0.0
2025-05-06 01:20:00+00:00,563.12,563.14,563.0,563.0,5083.0,31.849886427932688,-0.6655608251458034,-0.5573811916997378,566.9834786447228,561.6540213552772,564.1495710980654,0.0
2025-05-06 01:30:00+00:00,562.97,563.3173,562.95,562.95,101700.0,31.374944081828616,-0.6603243481289383,-0.5779698229855779,566.7597131925812,561.5637868074188,564.0381201708544,0.0
2025-05-06 01:40:00+00:00,562.95,563.14,562.95,563.08,20749.0,34.12542637709478,-0.6383262610288511,-0.5900411105942326,566.4777788518272,561.5387211481727,563.8402402468564,0.0
2025-05-06 01:50:00+00:00,563.04,563.2,563.02,563.02,10090.0,33.458880374736026,-0.6186032439443352,-0.5957535372642532,566.072032931295,561.6024670687049,563.7034414700453,0.0
2025-05-06 02:00:00+00:00,562.95,563.13,562.7,563.02,29682.0,33.458880374736026,-0.5961011280638786,-0.5958230554241783,565.58171285865,561.7517871413502,563.4739299656791,0.0
2025-05-06 02:10:00+00:00,563.1389,563.398,563.0,563.35,3625.0,40.83078798292736,-0.5453533036212548,-0.5857291050635937,565.1974103606577,561.8925896393422,563.0903328475158,0.0
2025-05-06 02:20:00+00:00,563.3,563.3,563.01,563.01,5257.0,36.36110691156349,-0.5265012667659903,-0.573883537404073,564.8643183363505,561.9896816636495,563.0794958472505,0.0
2025-05-06 02:30:00+00:00,563.2,563.25,563.0,563.24,4187.0,41.06137246493479,-0.48738355963700997,-0.5565835418506605,564.4960345227952,562.1569654772048,563.185388416959,0.0
2025-05-06 02:40:00+00:00,563.1,563.1,562.9,562.9,2604.0,36.74130863864888,-0.4783040619190615,-0.5409276458643407,564.2089528677196,562.2570471322803,563.2111531840847,0.0
2025-05-06 02:50:00+00:00,562.86,562.86,562.8,562.8201,14113.0,35.78839943122408,-0.4721135259642324,-0.5271648218843191,563.7127619871001,562.5392480128999,563.0919898243005,0.0
2025-05-06 03:00:00+00:00,562.89,563.12,562.86,563.04,7489.0,40.372034440808974,-0.44434129949286216,-0.5106001174060277,563.4086348009777,562.7303751990224,563.088349930881,0.0
2025-05-06 03:10:00+00:00,563.05,563.08,563.05,563.08,578.0,41.19434351062424,-0.41432783089578606,-0.49134566010397945,563.3127020491203,562.7813079508798,563.0710448422814,0.0
2025-05-06 03:20:00+00:00,563.09,563.19,563.01,563.01,1597.0,40.15081999614421,-0.39167536597335584,-0.47141160127785475,563.3114314163397,562.7915785836603,563.0601219458383,0.0
2025-05-06 03:30:00+00:00,563.0,563.01,562.77,562.8,2708.0,37.1134227147607,-0.3862163080884784,-0.4543725426399795,563.3233360914255,562.7616739085745,563.0360040664497,0.0
2025-05-06 03:40:00+00:00,562.96,563.0,562.96,563.0,909.0,41.64143086640552,-0.36158352703250785,-0.4358147395184852,563.3193877692572,562.7786222307427,563.0355215945403,0.0
2025-05-06 03:50:00+00:00,562.86,563.0,562.75,562.81,10147.0,38.784401988704246,-0.3533204247574986,-0.4193158765662879,563.3289880477922,562.7510219522079,562.9862615767647,0.0
2025-05-06 12:00:00+00:00,560.39,560.49,559.99,560.35,34406.0,19.821792509486656,-0.5390593568808981,-0.44326457262920993,564.1022642579788,561.6957457420211,562.2429876059721,0.0
2025-05-06 12:10:00+00:00,560.31,560.31,559.44,559.44,14955.0,16.590405521017445,-0.7510307782666814,-0.5048178137567042,564.6255436617317,560.7924663382681,561.8949743839645,0.0
2025-05-06 12:20:00+00:00,559.25,559.48,558.95,558.95,21148.0,15.157513751264773,-0.947634817491803,-0.593381214503724,564.9994963544716,559.9925136455286,561.16867901495,0.0
2025-05-06 12:30:00+00:00,558.98,559.5,558.84,559.37,6173.0,21.422130800838545,-1.0573657904745914,-0.6861781296978976,565.1448559177002,559.4791540822998,561.0144972619736,0.0
2025-05-06 12:40:00+00:00,559.39,559.8,559.3,559.71,9997.0,26.17441442150887,-1.10416509078334,-0.7697755219149861,565.1767329382568,559.1182770617432,560.822864953579,0.0
2025-05-06 12:50:00+00:00,559.73,559.77,559.5,559.75,3490.0,26.735797975221573,-1.1250572481103518,-0.8408318671540593,565.1647094790849,558.8103005209152,560.7168793613886,0.0
2025-05-06 13:00:00+00:00,559.76,559.76,559.33,559.33,3163.0,24.618920268853145,-1.1621088557242274,-0.905087264868093,565.1358348520635,558.4641751479367,560.6420603977392,0.0
2025-05-06 13:10:00+00:00,559.31,559.49,558.94,559.0,57827.0,23.07310366267761,-1.2042192735901835,-0.9649136666125111,565.0970737303023,558.1009362696977,559.9690509029882,0.0
2025-05-06 13:20:00+00:00,559.08,559.08,558.78,558.94,4702.0,22.792876583941663,-1.228274794441404,-1.0175858921782897,565.0116660294469,557.7783439705532,559.8082904346139,0.0
2025-05-06 13:30:00+00:00,559.0,559.41,559.0,559.03,4122.0,24.278468118511228,-1.225944791752795,-1.0592576720931908,564.8187662067168,557.5392437932832,559.7819851073699,0.0
2025-05-06 13:40:00+00:00,558.97,559.0,558.75,558.87,3424.0,23.415858520389506,-1.2229119430166975,-1.0919885262778921,564.6424624540405,557.3015475459595,559.7347867314628,0.0
2025-05-06 13:50:00+00:00,558.92,559.6,558.8,559.6,6949.0,34.79839057522625,-1.1483658428044237,-1.1032639895831984,564.35195407346,557.2280559265402,559.6727578844472,0.0
2025-05-06 14:00:00+00:00,559.7,559.7,559.55,559.67,1568.0,35.78399619872127,-1.0712899427202274,-1.0968691802106043,564.0844590885149,557.1725509114851,559.6559308914287,0.0
2025-05-06 14:10:00+00:00,559.39,559.78,559.26,559.73,4845.0,36.66770258429979,-0.9939080843325883,-1.0762769610350011,563.7980000000036,557.1499999999965,559.4705846047666,0.0
2025-05-06 14:20:00+00:00,559.69,559.72,559.67,559.68,1964.0,36.22037966232906,-0.9259432883384306,-1.0462102264956872,563.427745665493,557.184254334507,559.2814091380453,0.0
2025-05-06 14:30:00+00:00,559.78,560.26,559.76,560.22,6636.0,44.14547115316963,-0.8190655332053893,-1.0007812878376277,563.013607654523,557.3123923454771,559.2710477815031,0.0
2025-05-06 14:40:00+00:00,560.17,560.17,559.72,559.91,10489.0,40.99614262211599,-0.7507246648451655,-0.9507699632391353,562.542084450058,557.473915549942,559.3508257212529,0.0
2025-05-06 14:50:00+00:00,559.76,560.07,559.75,560.07,3883.0,43.24657944476696,-0.6758624498637573,-0.8957884605640598,562.0598260726013,557.6831739273987,559.3758793207594,0.0
2025-05-06 15:00:00+00:00,560.23,560.55,560.21,560.44,65408.0,48.16965959843368,-0.579991911632078,-0.8326291507776635,561.4258706488248,558.0611293511753,559.7384715078164,0.0
2025-05-06 15:10:00+00:00,560.52,560.54,560.0,560.0,16594.0,43.35346212231195,-0.5333697872439416,-0.7727772780709192,560.5431510517082,558.662848948292,559.7779030383384,0.0
2025-05-06 15:20:00+00:00,560.05,560.05,558.85,559.055,76436.0,35.21073905650874,-0.566148809022593,-0.731451584261254,560.441340665453,558.6351593345471,559.6489066140073,0.0
2025-05-06 15:30:00+00:00,559.1,559.75,558.8,559.49,50220.0,40.72932586238791,-0.5506776858118201,-0.6952968045713672,560.4430153434706,558.6384846565294,559.703553231742,0.0
2025-05-06 15:40:00+00:00,559.54,559.65,558.95,558.95,20222.0,36.56556028071876,-0.5753578293268902,-0.6713090095224719,560.4430153434705,558.6384846565293,559.6782624529501,0.0
2025-05-06 15:50:00+00:00,558.89,559.02,558.0,558.79,115909.0,35.4104552751965,-0.6009008724873866,-0.6572273821154548,560.4696710562611,558.553828943739,559.3599587826716,0.0
2025-05-06 16:00:00+00:00,560.54,562.41,558.0,559.1099,132067.0,39.523955737960236,-0.5885462667300771,-0.6434911590383794,560.4504800628156,558.5130099371843,559.4867332848133,0.0
2025-05-06 16:10:00+00:00,558.9619,559.2,558.62,559.06,91775.0,39.10558709493364,-0.5761402791226828,-0.6300209830552401,560.4244185986654,558.4700714013347,559.4076802645749,0.0
2025-05-06 16:20:00+00:00,559.0,559.0599,558.62,558.7991,72524.0,36.90593903952322,-0.580667322688214,-0.620150250981835,560.4372228989198,558.40417710108,559.3441112629029,0.0
2025-05-06 16:30:00+00:00,558.78,558.78,558.24,558.42,79892.0,33.92029266294098,-0.6078384557074514,-0.6176878919269583,560.4847860917735,558.2986139082263,559.2497226680591,0.0
2025-05-06 16:40:00+00:00,558.34,558.9,558.21,558.8682,70087.0,40.09102551005031,-0.586445600315642,-0.6114394336046951,560.4875596457904,558.2886603542096,559.1977137219436,0.0
2025-05-06 16:50:00+00:00,558.87,559.14,558.72,558.95,67496.0,41.1707869342562,-0.5564763193070803,-0.6004468107451721,560.4893090968278,558.2789109031723,559.1708243404942,0.0
2025-05-06 17:00:00+00:00,558.98,559.16,558.37,558.51,118919.0,37.278714563604616,-0.5617542180119699,-0.5927082921985317,560.51507513595,558.2171448640498,559.1032024404815,0.0
2025-05-06 17:10:00+00:00,558.4,558.52,558.08,558.46,44856.0,36.852371510572816,-0.5634761703532831,-0.586861867829482,560.5175764015307,558.1006435984691,559.067036716598,0.0
2025-05-06 17:20:00+00:00,558.52,558.52,557.76,557.86,172550.0,32.10705996363862,-0.6062671453175881,-0.5907429233271032,560.5682639125381,557.8689560874622,558.8339775215787,0.0
2025-05-06 17:30:00+00:00,557.93,559.661,557.55,559.57,2174121.0,51.338579991947604,-0.4964735542459948,-0.5718890495108816,560.5499011272868,557.8713188727131,558.8887089413158,0.0
2025-05-06 17:40:00+00:00,559.58,559.76,557.88,557.945,1339547.0,39.800790068251814,-0.5344247458082236,-0.56439618877035,560.5521060620038,557.6956139379961,558.7753995188253,0.0
2025-05-06 17:50:00+00:00,557.95,557.95,556.96,557.4,1316521.0,36.81263265094972,-0.6015440583335021,-0.5718257626829805,560.5041741995096,557.4615458004903,558.4674543179908,0.0
2025-05-06 18:00:00+00:00,557.4,558.7,557.09,558.658,1002375.0,46.75055670123999,-0.5469219350034109,-0.5668449971470666,560.3858352937432,557.454684706257,558.4184220002807,0.0
2025-05-06 18:10:00+00:00,558.645,559.93,558.5,559.93,1324654.0,54.53662545036747,-0.39642401005801275,-0.5327607997292558,560.3579916365437,557.4685283634564,558.5869497678101,0.0
2025-05-06 18:20:00+00:00,559.96,560.9,559.96,560.62,1282979.0,58.11441211126761,-0.218952142821081,-0.4699990683476209,560.4066220790191,557.437897920981,558.8359445478139,0.0
2025-05-06 18:30:00+00:00,560.59,561.33,560.37,560.82,878986.0,59.118665767953566,-0.06145763552342487,-0.3882907817827817,560.6017304762765,557.3247895237234,559.0119186330538,0.0
2025-05-06 18:40:00+00:00,560.78,561.41,560.385,560.9863,619891.0,59.97792720383092,0.07590196575563368,-0.29545223227509865,560.9210453597451,557.198604640255,559.1263451553788,0.0
2025-05-06 18:50:00+00:00,560.96,561.07,560.3398,560.75,703928.0,58.10896901601177,0.16380476486881435,-0.20360083284631605,561.118468612354,557.127181387646,559.2318968910755,0.0
2025-05-06 19:00:00+00:00,560.75,561.33,560.48,560.57,829423.0,56.66058847856646,0.21644878394761236,-0.11959090948753037,561.2940974290219,557.113552570978,559.34432432714,0.0
2025-05-06 19:10:00+00:00,560.585,561.2,560.49,561.11,562712.0,59.89051425325067,0.29830436830900453,-0.0360118539282234,561.5576510047487,557.0819989952514,559.4188239858986,0.0
2025-05-06 19:20:00+00:00,561.13,561.82,561.11,561.65,667050.0,62.87049447092698,0.40211367949461874,0.051613252756345034,561.90049533016,556.9931646698402,559.5344543056607,0.0
2025-05-06 19:30:00+00:00,561.65,561.94,561.1308,561.71,579965.0,63.197672212544745,0.48364959362015725,0.1380205209291075,562.2146115319104,556.9440484680895,559.62715147539,0.0
2025-05-06 19:40:00+00:00,561.7349,561.8111,560.58,560.9667,577047.0,56.549655341995894,0.48272474464590687,0.20696136567246737,562.3637016269728,557.0117183730273,559.7089551386845,0.0
2025-05-06 19:50:00+00:00,560.96,561.02,560.19,560.37,510426.0,51.83558932982766,0.42889901118007856,0.25134889477398964,562.4109655841372,557.1594544158628,559.8825802969767,0.0
2025-05-06 20:00:00+00:00,560.375,560.86,560.14,560.25,352224.0,50.916341154008784,0.37226746489000107,0.27553260879719194,562.452476890827,557.2561231091729,560.0612172671403,0.0
2025-05-06 20:10:00+00:00,560.23,563.3476,560.21,562.18,2546658.0,62.45016909026672,0.47761576947891626,0.3159492409335368,562.7661488062474,557.2654511937524,560.718054055811,0.0
2025-05-06 20:20:00+00:00,562.22,562.38,560.23,560.5896,1475901.0,51.67445241643451,0.42784118453300835,0.33832762965343116,562.7906476033131,557.4489123966871,560.9573027911866,0.0
2025-05-06 20:30:00+00:00,560.55,561.46,560.43,560.9996,670195.0,53.88362614339069,0.4166748722873308,0.3539970781802111,562.8299519769205,557.6635680230795,561.1201590152576,0.0
2025-05-06 20:40:00+00:00,561.0,561.15,559.73,559.98,555077.0,48.00627368040892,0.3218422929234066,0.3475661211288502,562.6985742103811,558.0069457896188,561.1497832190653,0.0
2025-05-06 20:50:00+00:00,559.93,559.945,559.1204,559.21,605849.0,44.09465548798164,0.18245104364496,0.31454310563207216,562.7096675244367,557.9598524755633,561.0811479535869,0.0
2025-05-06 21:00:00+00:00,559.24,560.52,559.19,560.328,911036.0,50.412467774449226,0.1603473464194849,0.2837039537895547,562.561329613562,558.346490386438,561.005120011438,0.0
2025-05-06 21:10:00+00:00,560.2601,560.5899,559.85,560.4,383097.0,50.79809764005469,0.14694590447447808,0.2563523439265394,562.1807820390778,559.0270379609223,560.9982566003275,0.0
2025-05-06 21:20:00+00:00,560.35,560.4,559.24,559.72,589233.0,47.0746411522574,0.08052658779990907,0.22118719270121334,562.0260217675263,559.2879982324739,560.9487465483727,0.0
2025-05-06 21:30:00+00:00,559.6799,560.15,559.0809,559.1099,424235.0,43.96116982285,-0.021097966150932734,0.17273016093078414,562.1128245422046,559.1191854577955,560.8908143089049,0.0
2025-05-06 21:40:00+00:00,559.09,559.17,558.33,558.49,837970.0,40.99437560805229,-0.14992862276585583,0.10819840419145615,562.2699242687895,558.7490857312105,560.6829256044251,0.0
2025-05-06 21:50:00+00:00,558.48,558.92,558.32,558.44,681782.0,40.75546409587548,-0.25314433808796366,0.03592985573557219,562.360205678257,558.4208043217432,560.5052815342727,0.0
2025-05-06 22:00:00+00:00,558.45,559.71,558.43,559.21,1080017.0,45.97698502901841,-0.2697020143307327,-0.02519651827768879,562.3156146310689,558.2877653689311,560.3457775947217,0.0
2025-05-06 22:10:00+00:00,559.23,559.74,558.62,559.71,616956.0,49.113281639722494,-0.23971498558273652,-0.06810021173869835,562.2683280209503,558.2310519790497,560.285883764237,0.0
2025-05-06 22:20:00+00:00,559.73,560.51,559.591,560.49,674316.0,53.635325853188334,-0.15126685781058313,-0.08473354095307531,562.2620891518611,558.2292908481388,560.2770887269496,0.0
2025-05-06 22:30:00+00:00,560.4615,560.61,560.0403,560.44,629386.0,53.308297612174734,-0.08423465676048636,-0.08463376411455753,562.1919681339398,558.2324118660601,559.8715086850187,0.0
2025-05-06 22:40:00+00:00,560.4,560.8,560.145,560.44,863481.0,53.308297612174734,-0.030756611416336455,-0.07385833357491332,562.0229998139074,558.2803801860924,559.7398068474675,0.0
2025-05-06 22:50:00+00:00,560.43,561.08,559.93,561.04,861927.0,56.960479295764,0.05935589261594032,-0.0472154883367426,561.8984889467016,558.3378910532984,559.7391211595676,0.0
2025-05-06 23:00:00+00:00,561.06,561.1199,560.03,560.21,753846.0,51.01579433686798,0.06306961067411976,-0.02515846853457013,561.8185812113794,558.3421287886205,559.7627717039517,0.0
2025-05-06 23:10:00+00:00,560.21,560.815,559.8701,560.24,951334.0,51.21398282240018,0.06765363923045697,-0.00659604698156471,561.808669059756,558.3390409402442,559.8333076229743,0.0
2025-05-06 23:20:00+00:00,560.279,560.881,560.11,560.785,880048.0,54.79242108698702,0.11394991642737295,0.017513145700222825,561.8617573505725,558.3394526494277,559.8826135972713,0.0
2025-05-06 23:30:00+00:00,560.8,561.27,560.56,560.68,1020456.0,53.9710554005819,0.1405472855539074,0.04211997367095974,561.5360753247423,558.5151346752577,559.958209123539,0.0
2025-05-06 23:40:00+00:00,560.66,561.4,560.63,561.02,1612043.0,56.25766653178274,0.18690650882342652,0.0710772807014531,561.6007705102521,558.4934794897478,560.1102438150539,0.0
2025-05-06 23:50:00+00:00,561.03,561.13,558.72,558.8,5971528.0,41.69343153369281,0.04400383179722667,0.06566259092060782,561.5167191191623,558.3575708808379,559.9344998351714,0.0
2025-05-07 00:00:00+00:00,558.92,559.05,558.52,558.8384,1732956.0,41.97326331944784,-0.06539517535202322,0.039451037666081615,561.5302476253866,558.2298823746136,559.8856191526247,0.0
2025-05-07 00:10:00+00:00,558.84,559.5,558.46,558.9,577665.0,42.45041442361173,-0.14544744391230324,0.002471341350404645,561.5451749360433,558.1839550639567,559.9056583938692,0.0
2025-05-07 00:20:00+00:00,558.91,558.91,556.82,557.02,386903.0,33.41855329353956,-0.35648044698473313,-0.06931901631662292,561.7704874580272,557.6278425419728,559.9030124995686,0.0
2025-05-07 00:30:00+00:00,557.1,558.8,557.03,557.77,449921.0,38.99489752857468,-0.4579281793406835,-0.14704084892143504,561.7738629297263,557.3614670702738,559.8696640169006,0.0
2025-05-07 00:40:00+00:00,557.8,557.93,557.59,557.83,64376.0,39.43193104640583,-0.5274051413935013,-0.2231137074158483,561.8035819251721,557.1427480748279,559.8484751729393,0.0
2025-05-07 00:50:00+00:00,557.89,558.06,557.8,557.8501,35948.0,39.588066242480075,-0.5742249248663711,-0.2933359509059529,561.8423443591378,556.9780056408622,559.8240957839142,0.0
2025-05-07 01:00:00+00:00,557.9,557.9,557.25,557.6999,56509.0,38.7834984818383,-0.6163449839990562,-0.3579377575245736,561.8855992078364,556.8557407921636,559.7801197754435,0.0
2025-05-07 01:10:00+00:00,557.45,557.94,557.45,557.79,49857.0,39.57680597849375,-0.6351336914790409,-0.41337694431546707,561.9163705586124,556.7599694413876,559.7195504608645,0.0
2025-05-07 01:20:00+00:00,557.74,557.7774,557.62,557.62,31933.0,38.56141152115136,-0.6561774515676007,-0.4619370457658938,561.943623116989,556.5737168830109,559.6748009972667,0.0
2025-05-07 01:30:00+00:00,557.68,557.68,557.5,557.51,37831.0,37.88411378176484,-0.6739618510492846,-0.504342006822572,561.9292100267627,556.3681299732372,559.6219180664731,0.0
2025-05-07 01:40:00+00:00,557.51,558.8,557.5,557.5499,287854.0,38.307390845153016,-0.6770321144489344,-0.5388800283478445,561.7938578352337,556.2094721647663,559.513520826211,0.0
2025-05-07 01:50:00+00:00,557.5,557.5037,557.27,557.36,19097.0,37.014589660611215,-0.6868708437284567,-0.568478191423967,561.6452940156364,556.0500359843636,559.3905807250173,0.0
2025-05-07 02:00:00+00:00,557.36,565.06,557.36,563.8,540333.0,71.78733093504314,-0.17301946816417058,-0.48938644677200777,562.4958733772571,555.5354566227429,559.2761832091131,0.0
2025-05-07 02:10:00+00:00,563.8,563.8,562.33,563.25,128695.0,68.3183809575275,0.18766772885237515,-0.3539756116471312,562.9770534025805,555.2752765974193,559.0171836038785,0.0
2025-05-07 02:20:00+00:00,563.23,564.0,562.82,563.7896,223364.0,69.85733554570392,0.5111637637929789,-0.1809477365591092,563.6428623335672,554.9674276664329,559.494983166141,0.0
2025-05-07 02:30:00+00:00,563.77,564.0,561.99,562.32,110223.0,61.14576064626457,0.6415567967088691,-0.016446829905513553,563.9275083127416,554.8907816872584,559.7731167691081,0.0
2025-05-07 02:40:00+00:00,562.36,563.0,562.36,562.9,60284.0,63.10148258695385,0.7826731980338764,0.14337717568236444,564.250873579547,554.778916420453,560.2629941229271,0.0
2025-05-07 02:50:00+00:00,563.0,563.53,563.0,563.431,50192.0,64.84607404337271,0.9266741027979606,0.3000365611054837,564.6673722016578,554.6375177983421,560.9889681394276,0.0
2025-05-07 03:00:00+00:00,563.5,563.65,562.59,562.65,75109.0,60.32808125160076,0.9666329415414339,0.4333558371926738,564.8862213607873,554.5816686392128,561.1967074301883,0.0
2025-05-07 03:10:00+00:00,562.6,563.1,562.55,563.1,46970.0,61.972113013641625,1.0228213999125728,0.5512489497366536,565.2830490764054,554.6148409235943,561.312625010975,0.0
2025-05-07 03:20:00+00:00,563.02,563.26,563.0,563.1,14844.0,61.972113013641625,1.0551876120276802,0.652036682194859,565.6401835807209,554.6838664192791,561.4531996477959,0.0
2025-05-07 03:30:00+00:00,563.01,563.01,562.54,562.8004,20720.0,60.05060136849899,1.0446211102714642,0.7305535678101801,565.9186772551859,554.795412744814,561.582707078661,0.0
2025-05-07 03:40:00+00:00,562.8902,563.2895,562.8902,563.05,20910.0,61.131855986104036,1.0443491090633188,0.7933126760608079,566.116692286573,555.200397713427,561.6780992999172,0.0
2025-05-07 03:50:00+00:00,563.2,563.45,563.13,563.4,16539.0,62.65809430660851,1.0601548162757126,0.8466811041037889,566.3538033490513,555.5262866509488,561.7913600986872,0.0
2025-05-07 12:00:00+00:00,562.68,562.68,561.82,561.92,12762.0,53.15340369447706,0.9423939906866963,0.8658236814203705,566.378958514609,555.9101314853909,562.6198489127701,0.0
2025-05-07 12:10:00+00:00,561.66,561.88,561.51,561.75,14211.0,52.17438711146781,0.8258304493768946,0.8578250350116754,566.3544810985196,556.3245989014805,562.6851768635771,0.0
2025-05-07 12:20:00+00:00,561.75,562.14,561.56,562.14,3756.0,54.25597023337368,0.7562056754234163,0.8375011630940237,566.297708079743,556.8253819202571,563.0956877910215,0.0
2025-05-07 12:30:00+00:00,562.07,562.32,562.07,562.31,4519.0,55.17188009730503,0.7065998761672745,0.8113209057086739,566.2027531896462,557.3723368103537,563.0839977389378,0.0
2025-05-07 12:40:00+00:00,562.38,562.38,562.13,562.14,1350.0,54.007336482856466,0.6461212599276678,0.7782809765524727,565.9936100745834,558.0334799254166,562.8579731064774,0.0
2025-05-07 12:50:00+00:00,561.81,562.33,561.81,562.33,3826.0,55.146852059748994,0.6065312186011624,0.7439310249622108,565.65634441177,558.85274558823,562.8782436944579,0.0
2025-05-07 13:00:00+00:00,562.3,562.51,562.3,562.41,5719.0,55.64515544338343,0.5749831096575235,0.7101414419012734,565.1270233035377,559.8680766964624,562.8948281124702,0.0
2025-05-07 13:10:00+00:00,562.08,562.3,561.92,562.3,4476.0,54.74456099289741,0.5349384874406269,0.6751008510091441,563.9273496677445,561.5617503322555,562.7947659716748,0.0
2025-05-07 13:20:00+00:00,562.0,562.0,561.84,561.93,4600.0,51.71280843249984,0.46795266106050804,0.6336712130194169,563.7797436936197,561.5223563063804,562.6996214179416,0.0
2025-05-07 13:30:00+00:00,561.95,562.01,561.7,561.87,1987.0,51.217466519005505,0.40535176961100206,0.588007324337734,563.7244882057761,561.4396117942239,562.608521477917,0.0
2025-05-07 13:40:00+00:00,562.15,562.4,562.15,562.4,9038.0,55.291343198218456,0.3939652960297053,0.5491989186761282,563.5129940163139,561.5121459836863,562.5262939698117,0.0
2025-05-07 13:50:00+00:00,562.3,562.36,562.0,562.0,3448.0,51.776961772569045,0.3486458048075747,0.5090882959024176,563.5187995106371,561.4743404893629,562.4634840288298,0.0
2025-05-07 14:00:00+00:00,561.92,561.92,561.51,561.78,4926.0,49.89839888706821,0.2916160518009292,0.4655938470821199,563.490595015139,561.390544984861,562.2835761744336,0.0
2025-05-07 14:10:00+00:00,562.03,562.3,562.03,562.15,7313.0,52.9877277642596,0.27312703104871616,0.4271004838754392,563.3288008358977,561.4242391641023,562.061982562557,0.0
2025-05-07 14:20:00+00:00,562.17,562.19,561.98,562.0,3074.0,51.59865455640613,0.2435629603049847,0.3903929791613483,563.3011035859097,561.3869364140901,562.0479742904666,0.0
2025-05-07 14:30:00+00:00,561.85,561.85,561.83,561.83,660.0,49.99890257672824,0.20406332698371443,0.35312704872582157,563.1961739468699,561.3648660531302,562.1266241850028,0.0
2025-05-07 14:40:00+00:00,561.89,562.56,561.89,562.4,22781.0,55.032970756829855,0.2162608982906704,0.3257538186387914,563.0834148325526,561.4076251674475,562.1812571680952,0.0
2025-05-07 14:50:00+00:00,562.52,562.57,562.13,562.3,31249.0,54.00569057833442,0.2153756803882061,0.3036781909886743,563.0196113814848,561.4213886185153,562.2245029855607,0.0
2025-05-07 15:00:00+00:00,562.27,562.76,562.2,562.66,42479.0,57.10962794284143,0.24094565860832518,0.2911316845126045,562.9345366384977,561.4674633615022,562.3166375180858,0.0
2025-05-07 15:10:00+00:00,562.69,562.88,562.67,562.8,33873.0,58.28852164377229,0.26940138902455146,0.2867856254149939,562.7355493778391,561.6064506221608,562.4101357263353,0.0
2025-05-07 15:20:00+00:00,562.8,563.02,562.45,562.5,23980.0,54.81182349341977,0.26469403947567116,0.28236730822712935,562.7695612346523,561.6304387653478,562.4407295427482,0.0
2025-05-07 15:30:00+00:00,562.5,562.54,562.23,562.35,7532.0,53.10619737072248,0.24602367684371984,0.27509858195044745,562.7636665625822,561.6963334374176,562.4442292745651,0.0
2025-05-07 15:40:00+00:00,562.29,562.3,561.84,562.29,29775.0,52.40374547056794,0.22380588644148247,0.2648400428486545,562.7701114906931,561.7048885093068,562.41468126871,0.0
2025-05-07 15:50:00+00:00,562.25,562.35,562.0,562.25,38320.0,51.91077340548328,0.2006574080756991,0.25200351589406345,562.766119224651,561.7028807753491,562.3871150482863,0.0
2025-05-07 16:00:00+00:00,562.59,562.9381,561.0,561.13,120345.0,40.43956496689081,0.09088971239805232,0.21978075519486123,562.9013674093646,561.4666325906353,562.1617392818655,0.0
2025-05-07 16:10:00+00:00,561.1,561.15,560.64,561.1389,99911.0,40.55198551369234,0.004563572338383892,0.1767373186235658,562.9697925083767,561.2790974916231,561.9080071071177,0.0
2025-05-07 16:20:00+00:00,561.11,561.3,560.55,560.7,41035.0,36.857345391840624,-0.09813484021356089,0.12176288685614046,563.0757052374315,561.0021847625685,561.823258927882,0.0
2025-05-07 16:30:00+00:00,560.68,561.13,560.61,560.84,30262.0,38.77356863714537,-0.16631012252400978,0.06414828498011042,563.1180820013672,560.8138079986329,561.7630758448247,0.0
2025-05-07 16:40:00+00:00,560.83,561.26,560.83,561.12,53874.0,42.53002992773076,-0.19549235085810324,0.01222015781246769,563.1352899693738,560.7156000306261,561.6966935163639,0.0
2025-05-07 16:50:00+00:00,561.01,561.53,560.79,560.87,67416.0,40.160790845529334,-0.23607110695058964,-0.03743809514014378,563.170011664919,560.580878335081,561.6301271469573,0.0
2025-05-07 17:00:00+00:00,560.85,560.85,559.77,559.78,127921.0,31.83403148694795,-0.3521248775990671,-0.10037545163192844,563.3034206925366,560.1854693074634,561.3542450931311,0.0
2025-05-07 17:10:00+00:00,559.79,560.27,559.67,559.98,106110.0,34.51685122572002,-0.42308296141084156,-0.16491695358771108,563.3752627646392,559.9116272353607,561.1389838247447,0.0
2025-05-07 17:20:00+00:00,559.96,560.43,559.869,560.15,94937.0,36.793971626809196,-0.460294189908268,-0.22399240085182245,563.4099087198604,559.7139812801397,560.9636860447549,0.0
2025-05-07 17:30:00+00:00,560.15,560.82,559.5202,560.07,1582071.0,36.156777296167306,-0.4905845348574758,-0.2773108276529531,563.3938489619569,559.5220410380431,560.398412253243,0.0
2025-05-07 17:40:00+00:00,560.08,561.32,559.6951,560.0,1524724.0,35.57621646837133,-0.5143096252323858,-0.32471058716883966,563.3763800744873,559.3395099255126,560.3612824783849,0.0
2025-05-07 17:50:00+00:00,560.04,561.6,559.93,561.4599,773926.0,52.651675352835746,-0.4105773213924522,-0.3418839340135622,563.3469813294925,559.3318986705075,560.4628807889577,0.0
2025-05-07 18:00:00+00:00,561.46,561.77,560.98,561.625,792352.0,54.132289410704644,-0.3114562591657659,-0.33579839904400294,563.2540377262434,559.3473422737565,560.5983448830815,0.0
2025-05-07 18:10:00+00:00,561.625,561.85,561.04,561.49,852714.0,52.68162228099277,-0.24101717896917307,-0.316842155029037,563.161886584532,559.3584934154679,560.70578156892,0.0
2025-05-07 18:20:00+00:00,561.52,561.96,560.99,561.82,786518.0,55.79979732282357,-0.15675844458189658,-0.28482541293960895,563.0293160971067,559.4070639028934,560.7890096079464,0.0
2025-05-07 18:30:00+00:00,561.84,561.98,561.42,561.715,546984.0,54.56764084379343,-0.09733341399828532,-0.24732701315134423,562.8424348464684,559.4854451535316,560.8543571099727,0.0
2025-05-07 18:40:00+00:00,561.72,561.8388,560.85,560.95,488561.0,46.50954934546295,-0.11069176993430574,-0.21999996450793655,562.6502375411226,559.5226424588773,560.8767583444913,0.0
2025-05-07 18:50:00+00:00,560.92,561.05,559.0101,559.45,1379204.0,35.45406914781552,-0.2395543933037061,-0.22391085026709048,562.5469409030273,559.3359390969728,560.7205093809675,0.0
2025-05-07 19:00:00+00:00,559.45,559.565,558.65,559.36,1015103.0,34.917756857070174,-0.3449646606921988,-0.24812161235211214,562.4161284004093,559.1737515995907,560.5655796644113,0.0
2025-05-07 19:10:00+00:00,559.35,559.55,558.38,558.95,886696.0,32.50544315121404,-0.45632638402287284,-0.2897625666862643,562.2962750892368,558.9636049107633,560.4325954125733,0.0
2025-05-07 19:20:00+00:00,558.96,559.5204,558.6347,559.1608,914537.0,34.99215051519771,-0.5215593423699829,-0.33612192182300804,562.2977069419364,558.7652530580635,560.3324987574258,0.0
2025-05-07 19:30:00+00:00,559.1,559.52,558.74,559.345,757404.0,37.17047905393322,-0.5520300722160982,-0.3793035519016261,562.2570348409648,558.6265351590354,560.2664771806653,0.0
2025-05-07 19:40:00+00:00,559.37,560.16,558.77,558.85,739962.0,33.88454049343369,-0.609099389648577,-0.42526271945101635,562.2868938060087,558.4116761939913,560.2102177714876,0.0
2025-05-07 19:50:00+00:00,558.85,560.07,558.6,559.94,869600.0,45.34271250951022,-0.5599189472991384,-0.4521939650206408,562.236012331981,558.3725576680189,560.1721376620322,0.0
2025-05-07 20:00:00+00:00,559.91,560.23,559.42,559.91,457021.0,45.110986872140714,-0.5173995813865986,-0.46523508829383237,562.1450854562991,558.342484543701,560.1366906819411,0.0
2025-05-07 20:10:00+00:00,559.94,560.34,559.68,560.34,717759.0,49.12434988936332,-0.4438884020377145,-0.46096575104260884,562.0975926464033,558.3369773535966,560.076222387648,0.0
2025-05-07 20:20:00+00:00,560.3599,560.4,559.11,559.18,454845.0,40.51757108570501,-0.4737712284504596,-0.463526846524179,562.1131368232519,558.261433176748,559.9539793913933,0.0
2025-05-07 20:30:00+00:00,559.19,559.9016,559.07,559.865,215178.0,46.48066686030027,-0.43714072232432954,-0.45824962168420913,562.1105122173675,558.2525577826324,559.8212490279723,0.0
2025-05-07 20:40:00+00:00,559.91,560.7,559.87,560.49,524478.0,51.27983504357598,-0.3536023973271085,-0.437320176812789,562.1320882951338,558.2649817048662,559.7096757438968,0.0
2025-05-07 20:50:00+00:00,560.5022,561.37,560.34,561.255,438126.0,56.42987059776271,-0.2230968447244095,-0.39447551039511314,562.2438629202043,558.2717070797958,559.6557934383928,0.0
2025-05-07 21:00:00+00:00,561.24,561.56,561.06,561.35,354040.0,57.037222892984964,-0.11072814288797872,-0.3377260368936863,562.3628268045094,558.2877431954909,559.6382715519946,0.0
2025-05-07 21:10:00+00:00,561.385,561.85,561.31,561.33,455982.0,56.857530004336965,-0.02302356859570409,-0.2747855432340899,562.3426052266507,558.2949747733494,559.7034617517604,0.0
2025-05-07 21:20:00+00:00,561.32,561.6795,560.83,561.2434,365212.0,56.03434136222014,0.03904495620417947,-0.21201944334643602,562.2806480867717,558.3187719132283,559.8365390899547,0.0
2025-05-07 21:30:00+00:00,561.25,561.4121,560.14,560.44,526390.0,48.953373480274436,0.02314029664626105,-0.1649874953478966,562.1534284826571,558.3409915173431,559.9922162745582,0.0
2025-05-07 21:40:00+00:00,560.427,560.68,560.13,560.6748,341622.0,50.90599367120958,0.02914615828433398,-0.1261607646214505,561.9682601636168,558.4116398363831,560.1283909543298,0.0
2025-05-07 21:50:00+00:00,560.67,560.78,558.8,559.27,1506246.0,40.840355171143464,-0.07854436217905914,-0.11663748413297224,561.7430247112196,558.3923752887803,560.1197449597004,0.0
2025-05-07 22:00:00+00:00,559.235,560.5189,556.04,556.63,2358571.0,29.16810214058583,-0.3726204752239255,-0.1678340823511629,562.0489606782136,557.6544393217863,559.5979887942428,0.0
2025-05-07 22:10:00+00:00,556.575,557.5599,556.12,557.23,1682835.0,33.798965495712864,-0.5509123532478952,-0.2444497365305094,562.2147776236861,557.266622376314,559.1778047455041,0.0
2025-05-07 22:20:00+00:00,557.2045,558.39,557.15,557.98,945276.0,39.15397216494681,-0.6244924587851983,-0.3204582809814472,562.2587915113356,557.0846084886646,559.0332847622083,0.0
2025-05-07 22:30:00+00:00,557.95,560.26,557.53,559.94,1622025.0,50.437140893681025,-0.5186706900889249,-0.36010076280294273,562.2889749683383,557.1534250316619,558.9960273547304,0.0
2025-05-07 22:40:00+00:00,559.9395,560.33,557.3101,558.01,1473481.0,42.14876202004229,-0.5838112338159362,-0.40484285700554146,562.3288159687239,556.9985040312762,558.9245801694794,0.0
2025-05-07 22:50:00+00:00,558.18,562.64,557.37,560.85,1628187.0,54.10141141063685,-0.4016414463220599,-0.4042025748688452,562.448444603511,557.0293753964888,559.070108388008,0.0
2025-05-07 23:00:00+00:00,560.83,560.98,559.8,560.6762,1459782.0,53.37463213674653,-0.2682031063047816,-0.3770026811560325,562.5368596166509,557.1235803833492,559.1620080215005,0.0
2025-05-07 23:10:00+00:00,560.67,560.77,559.25,560.53,918441.0,52.73289402980291,-0.17226363072074946,-0.3360548710689759,562.5833104784721,557.136129521528,559.1708240877306,0.0
2025-05-07 23:20:00+00:00,560.52,560.5448,557.72,557.87,1112011.0,42.678591299131654,-0.30732798881626877,-0.3303094946184345,562.6156249344624,556.8998150655377,559.0931995527686,0.0
2025-05-07 23:30:00+00:00,557.86,559.27,557.52,558.87,1658351.0,46.786275561573184,-0.3298732495599097,-0.3302222456067296,562.5540302680184,556.8144097319815,558.9800516511434,0.0
2025-05-07 23:40:00+00:00,558.8324,563.82,558.62,560.6,5515766.0,53.05399599977148,-0.20577197806767344,-0.3053321920989184,562.6418322036782,556.8686077963218,559.4365881081736,0.0
2025-05-07 23:50:00+00:00,560.5,561.94,559.05,561.23,4899402.0,55.12677214198348,-0.05594024709148471,-0.25545380309743165,562.7809152901827,556.8660247098173,559.6482179578929,0.0
2025-05-08 00:00:00+00:00,561.18,562.36,560.78,560.96,2356856.0,54.025833429546005,0.040548319879462724,-0.1962533785020528,562.8325622836892,556.8613777163109,559.7772926691807,0.0
2025-05-08 00:10:00+00:00,560.91,561.55,560.65,561.339,4773205.0,55.373111727116715,0.1459163046016556,-0.1278194418813111,562.844898733941,556.857441266059,559.9913316889647,0.0
2025-05-08 00:20:00+00:00,561.29,561.3,560.7,560.79,96247.0,52.95237952368483,0.18301183332005166,-0.06565318684103856,562.7704158011546,556.8759241988452,560.1713046322868,0.0
2025-05-08 00:30:00+00:00,560.73,560.92,560.63,560.92,88253.0,53.47109161657739,0.2203600471784739,-0.00845054003713607,562.7131814142404,556.8921585857595,560.3620361658036,0.0
2025-05-08 00:40:00+00:00,560.92,560.99,560.77,560.99,54113.0,53.766677159405816,0.25269428826788953,0.04377842562386905,562.6774286997298,556.9025713002701,560.4493236442698,0.0
2025-05-08 00:50:00+00:00,561.0,561.05,560.85,560.99,39456.0,53.766677159405816,0.27514767614968605,0.09005227572903246,562.7394376269907,556.8955623730093,560.5251256399547,0.0
2025-05-08 01:00:00+00:00,561.0,561.12,561.0,561.12,42446.0,54.390739584020146,0.2999741461294434,0.13203664980911464,562.7940866673854,556.8854333326148,560.6441805767208,0.0
2025-05-08 01:10:00+00:00,561.12,561.12,561.05,561.05,34045.0,53.968313097732434,0.3104225297757921,0.16771382580245014,562.9161288988178,556.9413911011823,560.6700700388699,0.0
2025-05-08 01:20:00+00:00,561.05,561.1,560.97,560.99,25240.0,53.58416337448578,0.31028468186605096,0.19622799701517032,562.7512099414699,557.54231005853,560.6829511527278,0.0
2025-05-08 01:30:00+00:00,560.97,560.97,560.78,560.7812,10224.0,52.191877151616055,0.2899842633399885,0.21497925028013398,562.5684354886552,558.0802045113447,560.705192140338,0.0
2025-05-08 01:40:00+00:00,560.8399,560.97,560.77,560.95,20108.0,53.24943841459587,0.2842402401262234,0.22883144824935187,562.4544791953265,558.4911608046737,560.8184163255073,0.0
2025-05-08 01:50:00+00:00,560.9488,560.98,560.85,560.85,15755.0,52.5083930220632,0.2685235240455768,0.23676986340859685,562.4907209953408,558.545919004659,561.027500890017,0.0
2025-05-08 02:00:00+00:00,560.75,560.75,560.13,560.55,71386.0,50.24914259372889,0.22921813652897072,0.23525951803267164,562.2477296125589,559.042910387441,561.0306001072106,0.0
2025-05-08 02:10:00+00:00,560.54,560.71,560.3301,560.39,13127.0,49.037301649537646,0.18304761198987762,0.22481713682411286,562.2255228712617,559.0191171287385,561.2159941167815,0.0
2025-05-08 02:20:00+00:00,560.45,560.941,560.27,560.941,6106.0,53.22121076912016,0.18874252738544328,0.21760221493637896,562.2446867922762,559.0264332077237,561.1482856302545,0.0
2025-05-08 02:30:00+00:00,560.96,561.15,560.96,561.01,12408.0,53.73345732896417,0.19655771719806125,0.21339331538871542,562.2759750189915,559.0431449810086,560.8625459296461,0.0
2025-05-08 02:40:00+00:00,561.01,561.04,560.9,560.94,6053.0,53.09820893127098,0.19485670959022627,0.2096859942290176,561.8019729555328,559.824147044467,560.8490923318583,0.0
2025-05-08 02:50:00+00:00,560.94,560.94,560.87,560.87,1389.0,52.430681709057176,0.18571937645492653,0.2048926706741994,561.3414299728278,560.4846900271724,560.8557278863119,0.0
2025-05-08 03:00:00+00:00,561.07,561.27,561.0,561.1401,30322.0,54.79231573738263,0.1979904758337625,0.20351223170611202,561.3539392237931,560.5261907762069,560.8716456349592,0.0
2025-05-08 03:10:00+00:00,561.169,561.45,561.15,561.45,34209.0,57.405221290905324,0.23006965083618525,0.20882371553212667,561.4049396006556,560.4971903993444,560.9111304054695,0.0
2025-05-08 03:20:00+00:00,561.21,561.4,561.15,561.38,9303.0,56.609317601880974,0.24699698565757444,0.21645836955721623,561.4630020969078,560.4811279030923,560.8991958064481,0.0
2025-05-08 03:30:00+00:00,561.3401,561.5284,561.21,561.39,19326.0,56.70167397546645,0.2582420829032799,0.22481511222642897,561.4736128929015,560.4756171070984,560.9111569294706,0.0
2025-05-08 03:40:00+00:00,561.36,561.36,560.89,561.0,6148.0,52.04871037322647,0.2329983034472889,0.22645175047060098,561.4769180470831,560.493311952917,560.9045571007756,0.0
2025-05-08 03:50:00+00:00,560.99,561.08,560.99,561.01,11157.0,52.15712082608779,0.21136288303659967,0.22343397698380074,561.4805988053544,560.4986311946458,560.9122839769657,0.0
2025-05-08 12:00:00+00:00,556.5,565.7,556.5,565.42,11864.0,76.92904416795405,0.543798233050552,0.287506828197151,563.2037209111425,559.2185090888577,560.9912420091471,0.0
2025-05-08 12:10:00+00:00,565.43,566.27,565.25,566.27,24278.0,79.16796685637709,0.8658624163031163,0.4031779458183441,564.4416583482622,558.5085716517377,561.4636537383219,0.0
2025-05-08 12:20:00+00:00,566.35,566.49,566.12,566.44,21657.0,79.59448330536316,1.1218857802040247,0.5469195126954802,565.4047403516317,558.0774896483683,562.3138259621128,0.0
2025-05-08 12:30:00+00:00,566.45,566.55,566.44,566.55,3358.0,79.88151369191525,1.3184637914630457,0.7012283684489934,566.2172098236285,557.8150201763717,562.5072579143402,0.0
2025-05-08 12:40:00+00:00,566.5,566.86,566.5,566.86,6993.0,80.7052225665303,1.4821820191850748,0.8574190985962097,566.9772365246221,557.6419934753777,562.7114694624554,0.0
2025-05-08 12:50:00+00:00,566.85,567.04,566.83,567.04,6707.0,81.18687621133057,1.6079192970961458,1.007519138296197,567.6627001258785,557.5824098741216,562.9672306907212,0.0
2025-05-08 13:00:00+00:00,567.0,567.04,566.8,566.8,4909.0,78.37749997654362,1.668962243640749,1.1398077593651075,568.2057599804269,557.624350019573,563.1308751532522,0.0
2025-05-08 13:10:00+00:00,566.82,566.87,566.74,566.82,13005.0,78.4444401474918,1.699363842857906,1.2517189760636673,568.6754208762289,557.7516891237711,563.3815933538654,0.0
2025-05-08 13:20:00+00:00,566.9,567.36,566.89,567.2,9186.0,79.7285550928187,1.7341301802176758,1.348201216894469,569.127201616056,557.964908383944,563.9454936269423,0.0
2025-05-08 13:30:00+00:00,567.24,567.52,567.24,567.52,7726.0,80.76758825025182,1.7671336618503801,1.4319877058856514,569.542336883186,558.2627731168141,564.6888878858534,0.0
2025-05-08 13:40:00+00:00,567.54,567.69,567.49,567.67,21821.0,81.25266472413325,1.7848186270970245,1.502553890127926,569.9345218371194,558.5434881628806,565.2558183570713,0.0
2025-05-08 13:50:00+00:00,567.71,567.82,567.48,567.48,5150.0,78.55013532857949,1.7631778605285717,1.5546786842080553,570.2225242669203,558.9024857330796,565.8210142527092,0.0
2025-05-08 14:00:00+00:00,567.4,567.6,567.31,567.51,16412.0,78.67076673596559,1.72852281138762,1.5894475096439684,570.433315525576,559.3486944744242,566.1635066139712,0.0
2025-05-08 14:10:00+00:00,567.3,567.58,567.28,567.5,10840.0,78.5122639983018,1.680875433156075,1.60773309434639,570.5521683760405,559.8928416239594,566.5984720510509,0.0
2025-05-08 14:20:00+00:00,567.45,567.61,567.41,567.6,37644.0,78.9685912776346,1.632366798551061,1.6126598351873243,570.6234227052021,560.4675772947978,567.0391613508615,0.0
2025-05-08 14:30:00+00:00,567.52,567.52,567.19,567.33,99253.0,74.37590796068193,1.5542205258715285,1.6009719733241652,570.6062409201683,561.0727590798318,567.2562278789327,0.0
2025-05-08 14:40:00+00:00,567.44,567.67,567.25,567.67,29161.0,76.24913883344814,1.5024054059558694,1.581258659850506,570.5150659247488,561.7929340752512,567.3576723923583,0.0
2025-05-08 14:50:00+00:00,567.64,567.96,567.5,567.9,38977.0,77.45007920431203,1.4630356635040016,1.5576140605812052,570.3090768695777,562.6499231304224,567.4212111090881,0.0
2025-05-08 15:00:00+00:00,567.91,568.0,567.4,567.49,111703.0,70.59724045459771,1.3828110998905458,1.5226534684430735,569.7098038474754,563.8981961525245,567.4892995049614,0.0
2025-05-08 15:10:00+00:00,567.46,567.46,567.14,567.15,60511.0,65.42727961481134,1.2770760588841767,1.4735379865312943,568.2842672329874,565.9377327670126,567.4657152078703,0.0
2025-05-08 15:20:00+00:00,567.12,567.21,567.02,567.07,19560.0,64.23529943417287,1.1732998750884462,1.4134903642427248,568.075413261042,566.311586738958,567.456820057843,0.0
2025-05-08 15:30:00+00:00,567.09,567.2,566.69,566.77,50583.0,59.83311970381966,1.0546911855038843,1.3417305284949568,568.0188567954365,566.4181432045634,567.417423509286,0.0
2025-05-08 15:40:00+00:00,566.74,566.88,566.0,566.38,96149.0,54.59500545917472,0.9186337656242358,1.2571111759208127,568.0278662966923,566.4031337033077,567.2630944193951,0.0
2025-05-08 15:50:00+00:00,566.34,566.64,566.31,566.5,43977.0,55.87503220009781,0.8111399606972327,1.1679169328760968,568.0338069200498,566.3921930799502,567.2076899611103,0.0
2025-05-08 16:00:00+00:00,567.56,568.0,564.8,566.7,205393.0,58.000213242432544,0.7336318233817565,1.0810599109772288,568.0423649144798,566.3676350855203,567.0207562221842,0.0
2025-05-08 16:10:00+00:00,566.7,567.0,566.36,566.63,35625.0,56.96607042060085,0.6589615525689396,0.996640239295571,568.0563824462058,566.3126175537943,567.0024316341581,0.0
2025-05-08 16:20:00+00:00,566.58,566.8,566.25,566.3207,46658.0,52.51087508065738,0.5682761660054894,0.9109674246375548,568.0973080531467,566.2237619468533,566.9649817691716,0.0
2025-05-08 16:30:00+00:00,566.3,566.87,564.57,564.67,311390.0,36.22705142815436,0.3590705079741383,0.8005880413048715,568.4843556674615,565.6217143325385,566.5419564257843,0.0
2025-05-08 16:40:00+00:00,564.66,566.18,564.5,566.07,338538.0,50.303106183584525,0.30275188122061536,0.7010208092880204,568.4881320210156,565.5049379789843,566.2985237855839,0.0
2025-05-08 16:50:00+00:00,566.1,566.38,565.59,565.71,166288.0,47.405544198391304,0.2264594883939708,0.6061085451092104,568.4771276176083,565.3349423823917,566.1882579754556,0.0
2025-05-08 17:00:00+00:00,565.65,565.8,565.27,565.4,64384.0,45.00167681513801,0.13937616651116969,0.5127620693896023,568.4519634537467,565.1331065462532,566.1353666899407,0.0
2025-05-08 17:10:00+00:00,565.46,565.54,565.19,565.39,62334.0,44.922541801901914,0.06876243949170657,0.4239621434100232,568.4226591820939,564.9534108179062,566.0660195993244,0.0
2025-05-08 17:20:00+00:00,565.48,565.77,565.12,565.26,119305.0,43.84317267312967,0.0022843064765538657,0.33962657602332935,568.3730409257497,564.7780290742502,565.9079706217802,0.0
2025-05-08 17:30:00+00:00,565.24,565.64,564.14,564.23,1766866.0,36.383942857384184,-0.13199097501933466,0.24530306581479655,568.4253601930841,564.398709806916,565.2261246199685,0.0
2025-05-08 17:40:00+00:00,564.23,565.02,563.56,563.85,987091.0,34.080243713399824,-0.2660016260487055,0.14304212744209616,568.447912123456,564.0011578765439,564.9687149829516,0.0
2025-05-08 17:50:00+00:00,563.87,564.68,563.6,564.1298,1026971.0,37.23165768557802,-0.3456441403760664,0.04530487387846365,568.4042184422076,563.7248315577924,564.788183906754,0.0
2025-05-08 18:00:00+00:00,564.14,564.825,563.18,563.47,1237625.0,33.20088085340495,-0.45673677535751267,-0.055103455968731625,568.3301193535866,563.3789306464133,564.5778182867532,0.0
2025-05-08 18:10:00+00:00,563.46,563.64,562.3006,563.57,1126608.0,34.36075883605051,-0.5305929791138624,-0.1502013605977578,568.1175603805726,563.1584896194273,564.355054320383,0.0
2025-05-08 18:20:00+00:00,563.56,564.61,563.38,564.43,1566297.0,43.45414219083928,-0.5138068939758114,-0.22292246727336854,567.8641765932182,563.1058734067819,564.2672723058769,0.0
2025-05-08 18:30:00+00:00,564.4653,565.16,563.58,563.68,1280024.0,38.45126261292921,-0.5546291133807699,-0.28926379649484885,567.6857928879001,562.9372571120998,564.2426919133826,0.0
2025-05-08 18:40:00+00:00,563.7,564.12,563.15,563.37,719192.0,36.57678806479284,-0.6050211187449577,-0.35241526094487063,567.5004889853028,562.7525610146972,564.1866359227568,0.0
2025-05-08 18:50:00+00:00,563.36,564.28,561.7,562.6,2385476.0,32.357341512191326,-0.6990317084890876,-0.42173855045371406,567.4076594517853,562.4283905482148,563.9116187071029,0.0
2025-05-08 19:00:00+00:00,562.55,563.79,562.03,563.72,1291371.0,42.7097746770347,-0.6753758262830161,-0.47246600561957447,567.23188059515,562.3381694048501,563.8021441781706,0.0
2025-05-08 19:10:00+00:00,563.73,564.67,563.66,564.6,957151.0,49.278260134524864,-0.5789459946254283,-0.4937620034207453,567.0072693340134,562.3727806659866,563.8116265945658,0.0
2025-05-08 19:20:00+00:00,564.6,567.07,564.6,566.2,2654809.0,58.57742240863324,-0.36916255392941366,-0.46884211352247895,566.904472767535,562.425577232465,564.1367864965652,0.0
2025-05-08 19:30:00+00:00,566.23,567.25,565.43,567.25,2517057.0,63.32888969257343,-0.11683464393752274,-0.3984406196054877,567.0572696089969,562.334780391003,564.4541674386919,0.0
2025-05-08 19:40:00+00:00,567.28,569.65,567.25,569.3472,3268555.0,70.58621740588978,0.24948761766790994,-0.26885497215080817,567.8940943420832,561.8006056579168,565.0654118259337,0.0
2025-05-08 19:50:00+00:00,569.31,569.49,568.1,568.38,1678148.0,64.2691388433052,0.456493519294213,-0.12378527386180395,568.4438092032177,561.6218907967824,565.3617277283502,0.0
2025-05-08 20:00:00+00:00,568.3962,569.26,568.34,569.25,672499.0,67.11963612891202,0.6828771343086828,0.03754720777229341,569.048695017111,561.3350049828889,565.5232776663593,0.0
2025-05-08 20:10:00+00:00,569.26,569.71,568.58,569.45,1062392.0,67.756454186657,0.8684155547979344,0.2037208771774216,569.6576407036935,561.1000592963067,565.7632619407814,0.0
2025-05-08 20:20:00+00:00,569.4418,569.6899,568.74,568.7993,714861.0,63.45068668251647,0.9519762482889291,0.3533719513997231,570.0800735069837,561.0175564930163,565.9810009932811,0.0
2025-05-08 20:30:00+00:00,568.8,569.465,568.71,569.39,514631.0,65.5885212197031,1.0537166634367168,0.49344089380712186,570.577707177002,560.919922822998,566.2073499612051,0.0
2025-05-08 20:40:00+00:00,569.3827,570.07,569.15,569.9372,1133910.0,67.48580244187741,1.165070929852277,0.627766901016153,571.1363303454328,560.8290196545671,566.5536342976112,0.0
2025-05-08 20:50:00+00:00,569.955,570.31,569.84,570.12,730393.0,68.1181940132232,1.2536194755641645,0.7529374159257554,571.66441549208,560.8899345079199,566.83305903843,0.0
2025-05-08 21:00:00+00:00,570.11,570.205,569.33,569.33,1232154.0,62.46390805764937,1.2456889119417838,0.851487715128961,571.9740680027714,561.1282819972287,567.1117035268693,0.0
2025-05-08 21:10:00+00:00,569.34,569.46,569.04,569.21,648557.0,61.6271012176525,1.2157069727852559,0.9243315666602201,572.2265264296744,561.3838435703254,567.715614290817,0.0
2025-05-08 21:20:00+00:00,569.22,569.59,568.89,569.2,471737.0,61.55309820096197,1.177564918200801,0.9749782369683363,572.3817653280389,561.8016046719611,568.0754780481201,0.0
2025-05-08 21:30:00+00:00,569.2,569.39,568.29,568.7747,633999.0,58.34420350620202,1.1003349333473125,1.0000495762441315,572.4313014295052,562.2725385704947,568.3027059337684,0.0
2025-05-08 21:40:00+00:00,568.78,568.82,568.19,568.56,484422.0,56.736199473288266,1.0101606154895535,1.0020717840932158,572.4791836466712,562.6376563533287,568.7045987416459,0.0
2025-05-08 21:50:00+00:00,568.5595,568.8599,567.6,567.6899,1072123.0,50.64443684743449,0.8585897326609029,0.9733753738067533,572.3467413856756,563.1710886143246,569.0179330972056,0.0
2025-05-08 22:00:00+00:00,567.68,568.275,567.42,568.17,1014699.0,53.60453097570382,0.7683516936052683,0.9323706377664563,572.1219034968428,563.8759265031572,569.0013760893722,0.0
2025-05-08 22:10:00+00:00,568.16,568.69,567.8944,568.52,683498.0,55.69086437032955,0.7168164585206114,0.8892598019172874,571.5923715084466,564.9974584915533,569.0145337150028,0.0
2025-05-08 22:20:00+00:00,568.5,568.69,567.95,568.03,703671.0,52.15483826863337,0.6291826822175608,0.8372443779773421,571.0629676370862,565.9578623629137,568.9682906980186,0.0
2025-05-08 22:30:00+00:00,568.03,569.0299,568.02,568.8,548923.0,56.797043145594664,0.6147780690773743,0.7927511161973486,570.5363521589057,566.9044778410943,568.9221255394073,0.0
2025-05-08 22:40:00+00:00,568.82,569.13,568.75,568.75,1036883.0,56.414271969137175,0.5924977816418959,0.7527004492862581,570.2487288581174,567.4471011418825,568.9076960160959,0.0
2025-05-08 22:50:00+00:00,568.76,568.8899,568.29,568.35,879765.0,53.318519336690166,0.5363807726067762,0.7094365139503618,570.1232005670265,567.6826294329733,568.8638516979676,0.0
2025-05-08 23:00:00+00:00,568.34,568.4,567.72,567.82,1519228.0,49.44669956262101,0.44402265131020613,0.6563537414223307,570.1152895009325,567.5378204990675,568.6655241902895,0.0
2025-05-08 23:10:00+00:00,567.83,568.3,567.63,568.28,1367006.0,52.659865718849254,0.4032973693678059,0.6057424670114258,570.1179341165758,567.5251758834241,568.5147099409501,0.0
2025-05-08 23:20:00+00:00,568.2675,569.37,568.12,569.02,2898131.0,57.35560716850486,0.4258254548047944,0.5697590645700995,570.0950580637683,567.5250519362318,568.4838512832576,0.0
2025-05-08 23:30:00+00:00,569.03,569.13,567.85,567.91,1361773.0,49.43458032774846,0.35007594391004204,0.525822440438088,570.0398184651666,567.4262915348332,568.4332139274378,0.0
2025-05-08 23:40:00+00:00,567.91,567.99,566.6837,567.0224,2288136.0,44.18029975799888,0.21593286906193043,0.46384452616285654,570.1476884479982,567.1407315520019,568.2438665521987,0.0
2025-05-08 23:50:00+00:00,567.02,567.22,564.54,564.92,7388266.0,34.75692449445597,-0.059338575552033035,0.35920790581987866,570.594036004905,566.247383995095,567.3752090289913,0.0
2025-05-09 00:00:00+00:00,564.92,565.61,564.6716,565.55,1479801.0,38.95850667643302,-0.22407445294982153,0.24255143406593863,570.5928176418463,565.8098823581538,567.2241972651514,0.0
2025-05-09 00:10:00+00:00,565.55,565.56,564.85,564.99,3181369.0,36.69629707451506,-0.39525983321368585,0.11498918061001374,570.5491269979399,565.3405730020601,566.9381717743263,0.0
2025-05-09 00:20:00+00:00,564.98,565.0,564.72,564.84,188031.0,36.09175510415472,-0.5368408595375058,-0.01537682741949017,570.570779490796,564.8699205092039,566.8823904700693,0.0
2025-05-09 00:30:00+00:00,564.84,565.04,564.82,564.99,143007.0,37.20581445814568,-0.6296825085430555,-0.13823796364420327,570.5083523477819,564.5103476522182,566.8306834513143,0.0
2025-05-09 00:40:00+00:00,565.0,565.15,564.98,565.15,118482.0,38.43856048715756,-0.6824822904300163,-0.2470868290013659,570.3681629670131,564.245537032987,566.7820822084987,0.0
2025-05-09 00:50:00+00:00,565.11,565.15,564.67,564.7599,273665.0,36.554331513883916,-0.7471911532710465,-0.34710769385530205,570.2805272737058,563.931692726294,566.7185325443032,0.0
2025-05-09 01:00:00+00:00,564.89,565.03,564.89,565.0,21145.0,38.550894523813234,-0.7702207050322158,-0.4317302960906848,570.1552712397902,563.7009487602099,566.6200967638163,0.0
2025-05-09 01:10:00+00:00,565.02,565.03,564.8502,564.99,95747.0,38.496557548194275,-0.7802840780072984,-0.5014410524740075,570.1062501226752,563.4799798773247,566.5384841120983,0.0
2025-05-09 01:20:00+00:00,564.98,565.08,564.97,565.0104,31013.0,38.68641714224538,-0.7776490103608467,-0.5566826440513754,569.9718228357294,563.2984471642706,566.4311158136878,0.0
2025-05-09 01:30:00+00:00,565.1,565.2,565.0631,565.13,38862.0,39.8585920222263,-0.7571816609471398,-0.5967824474305283,569.7460477443213,563.1852222556787,566.3136790956672,0.0
2025-05-09 01:40:00+00:00,565.14,565.19,565.0005,565.1501,19926.0,40.06596815467429,-0.7309137186890666,-0.623608701682236,569.5673831244026,563.0758968755974,565.8725362595534,0.0
2025-05-09 01:50:00+00:00,565.09,565.19,565.06,565.19,10661.0,40.50452975461834,-0.6988210149976339,-0.6386511643453157,569.2123279769248,563.0699520230751,565.6559614596572,0.0
2025-05-09 02:00:00+00:00,565.14,565.22,564.43,564.81,44432.0,37.676869039434884,-0.6960267768918129,-0.6501262868546152,568.8199209773363,563.0683590226638,565.3764389441857,0.0
2025-05-09 02:10:00+00:00,564.76,565.06,564.64,564.89,30351.0,38.647924504119125,-0.6795238635395435,-0.6560058021916009,568.45721706323,563.0850629367701,565.1347806848255,0.0
2025-05-09 02:20:00+00:00,564.89,565.0,564.7914,564.98,18223.0,39.7846078535687,-0.6516708816989194,-0.6551388180930646,568.1629057803378,563.0953742196622,565.0838669660558,0.0
2025-05-09 02:30:00+00:00,564.92,564.95,564.53,564.75,20843.0,37.8544315566284,-0.6407698744825439,-0.6522650293709605,567.6986421615333,563.2066378384667,564.927882157896,0.0
2025-05-09 02:40:00+00:00,564.68,564.95,564.68,564.95,5381.0,40.55517179881687,-0.6089725625666915,-0.6436065360101068,566.7932237508418,563.7050562491582,564.9435430745241,0.0
2025-05-09 02:50:00+00:00,564.86,564.93,564.8507,564.8507,1604.0,39.634199271009145,-0.5850416479595424,-0.631893558399994,566.0481819135854,564.1441680864144,564.9421328904766,0.0
2025-05-09 03:00:00+00:00,564.91,565.0,564.68,564.92,25694.0,40.64720126946767,-0.5540970094729119,-0.6163342486145775,565.3463791926962,564.6357308073037,564.9109923470733,0.0
2025-05-09 03:10:00+00:00,564.91,565.09,564.84,564.91,12747.0,40.54147805401904,-0.5243358595535028,-0.5979345708023626,565.3463056175893,564.6348043824106,564.9492758658154,0.0
2025-05-09 03:20:00+00:00,564.9,564.9,564.45,564.56,12920.0,36.92175928631098,-0.5229636097926686,-0.5829403786004238,565.2431100974832,564.6389999025168,564.9369317924512,0.0
2025-05-09 03:30:00+00:00,564.56,564.56,564.1,564.1401,15840.0,33.10313531566871,-0.5494250823754783,-0.5762373193554348,565.3588214926494,564.4382985073505,564.8935607704743,0.0
2025-05-09 03:40:00+00:00,564.2,564.34,564.1503,564.3,30913.0,35.82506689955723,-0.5511401952837787,-0.5712178945411036,565.4006097156375,564.3425102843626,564.8124069292197,0.0
2025-05-09 03:50:00+00:00,564.2,564.39,564.01,564.32,29102.0,36.17487457412409,-0.5446077031715504,-0.565895856267193,565.4155049598155,564.2606150401846,564.7081829899339,0.0
2025-05-09 12:00:00+00:00,565.38,565.6,565.36,565.46,8179.0,52.17651946196506,-0.4423431272640528,-0.5411853104665649,565.4783657631104,564.2287542368894,564.7013680239032,0.0
2025-05-09 12:10:00+00:00,565.45,565.45,564.79,564.98,4457.0,46.850439415413334,-0.39547095950456423,-0.5120424402741648,565.4901373596166,564.2389926403836,564.689516679963,0.0
2025-05-09 12:20:00+00:00,565.02,565.5,565.02,565.5,2276.0,52.50649414234054,-0.31275947810308935,-0.4721858478399497,565.572154025048,564.2069759749521,564.6697613381817,0.0
2025-05-09 12:30:00+00:00,565.47,565.47,565.07,565.15,3321.0,48.74634262493712,-0.2723130527531339,-0.4322112888225866,565.5883758403289,564.206754159671,564.6487976252369,0.0
2025-05-09 12:40:00+00:00,565.09,565.09,565.08,565.08,978.0,48.005882861225814,-0.24310502089485908,-0.3943900352370411,565.5947894298268,564.2073005701731,564.6224776209168,0.0
2025-05-09 12:50:00+00:00,565.1,565.1,565.01,565.01,1226.0,47.23321715322576,-0.22303485324653138,-0.36011899883893916,565.5828149425796,564.2072750574204,564.6094981903943,0.0
2025-05-09 13:00:00+00:00,565.28,565.4,565.28,565.4,961.0,51.880211432236486,-0.17365754408331213,-0.32282670788781376,565.6219546510366,564.1931253489632,564.6053261337936,0.0
2025-05-09 13:10:00+00:00,565.5,565.5,565.28,565.47,2879.0,52.68563193682585,-0.12740856916525445,-0.2837430801433019,565.6678106034783,564.1752693965218,564.6178671135489,0.0
2025-05-09 13:20:00+00:00,565.54,565.54,565.31,565.31,1722.0,50.60083721027727,-0.10248520056381949,-0.24749150422740543,565.7095025243848,564.1835774756153,564.5781185004786,0.0
2025-05-09 13:30:00+00:00,565.21,565.51,565.19,565.5,3958.0,52.98024964524599,-0.066633727151725,-0.21131994881226934,565.7764241714816,564.1776558285184,564.5659492748334,0.0
2025-05-09 13:40:00+00:00,565.65,565.65,565.63,565.63,545.0,54.591853680817756,-0.02741523684699132,-0.17453900641921374,565.8581032879257,564.1609767120743,564.5628453162418,0.0
2025-05-09 13:50:00+00:00,565.75,565.77,565.68,565.77,1952.0,56.327862175266105,0.014792016090723337,-0.13667280191722633,565.9615634922658,564.1595165077343,564.6384246752915,0.0
2025-05-09 14:00:00+00:00,566.03,566.2,566.03,566.2,2222.0,61.230535721188424,0.0819938009726684,-0.0929394813392474,566.1494163118927,564.0966636881072,564.8726122382775,0.0
2025-05-09 14:10:00+00:00,566.25,566.56,566.2,566.56,6787.0,64.79393687192213,0.16242831846170702,-0.041865921379056516,566.4011358154303,564.0158741845698,565.5731920828897,0.0
2025-05-09 14:20:00+00:00,566.46,566.46,566.3,566.4,15402.0,62.0636131854345,0.21083224733808947,0.008673712364372683,566.5739186834932,563.9910913165069,565.8473136014362,0.0
2025-05-09 14:30:00+00:00,566.56,566.78,566.56,566.7,17467.0,65.03840742103793,0.2702845306761219,0.06099587602672253,566.7896843438266,563.9543256561733,566.1389721105558,0.0
2025-05-09 14:40:00+00:00,566.74,566.81,566.52,566.6,15692.0,63.257758926597695,0.30580658137489536,0.10995801709635711,566.9361686850613,564.0118413149386,566.268550564484,0.0
2025-05-09 14:50:00+00:00,566.56,566.62,566.5,566.62,2211.0,63.47315369701601,0.33174771418589444,0.15431595651426458,567.0062698605067,564.1897301394935,566.3244631226117,0.0
2025-05-09 15:00:00+00:00,566.57,566.8,566.39,566.69,24459.0,64.26281806773372,0.35387540839178655,0.194227846889769,567.0694005140952,564.3655994859048,566.4127392468381,0.0
2025-05-09 15:10:00+00:00,566.76,567.03,566.76,566.99,43943.0,67.50511827945672,0.39111077669122096,0.2336044328500594,567.150844606101,564.551155393899,566.585824060862,0.0
2025-05-09 15:20:00+00:00,566.87,567.99,564.14,565.81,547367.0,48.76455553759768,0.32169562904323357,0.25122267208869425,567.1561843557371,564.580815644263,566.1045726855473,0.0
2025-05-09 15:30:00+00:00,565.71,566.43,564.92,565.3,262409.0,43.184407248769155,0.22296073411621364,0.24557028449419815,567.1350434818548,564.6339565181449,565.9528562489954,0.0
2025-05-09 15:40:00+00:00,565.3,566.84,565.1,566.44,168277.0,55.4548726112748,0.2340036428302028,0.24325695616139908,567.1913297504066,564.6716702495933,565.9800185735899,0.0
2025-05-09 15:50:00+00:00,566.39,566.44,566.06,566.22,21948.0,53.07273170728391,0.2224389286565156,0.2390933506604224,567.1975262883785,564.7724737116213,565.9870955350502,0.0
2025-05-09 16:00:00+00:00,566.13,567.63,564.2,566.5,181634.0,55.68205211448817,0.23317952092884298,0.23791058471410653,567.2132795686474,564.8987204313524,566.0042590723473,0.0
2025-05-09 16:10:00+00:00,566.44,566.4601,566.0,566.24,49217.0,52.74902182898553,0.21819645765583573,0.2339677593024524,567.1720686321945,565.0629313678056,566.0129356863997,0.0
2025-05-09 16:20:00+00:00,566.24,566.33,565.97,566.0,39192.0,50.124363576184706,0.1848257219558036,0.22413935183312264,567.1516488933461,565.143351106654,566.0151724126343,0.0
2025-05-09 16:30:00+00:00,565.98,566.98,565.98,566.97,107187.0,59.003156864795265,0.23395320000327047,0.22610212146715222,567.2370516251073,565.2079483748929,566.0582405524572,0.0
2025-05-09 16:40:00+00:00,566.95,567.46,566.81,566.9607,82180.0,58.89490407159874,0.26903537568148295,0.2346887723100184,567.2769009851579,565.333169014842,566.1085577670045,0.0
2025-05-09 16:50:00+00:00,566.96,566.96,566.69,566.775,65358.0,56.659528714348994,0.27864180533617855,0.24347937891525043,567.2868396787128,565.450730321287,566.1307507575068,0.0
2025-05-09 17:00:00+00:00,566.79,567.5,566.79,567.271,110656.0,60.9255238927533,0.3225597567142131,0.259295454475043,567.3833226991713,565.5183473008286,566.1945458607797,0.0
2025-05-09 17:10:00+00:00,567.3,567.35,566.95,567.08,46482.0,58.53613337213385,0.3380560461788491,0.2750475728158042,567.432214232817,565.600455767183,566.2188127760486,0.0
2025-05-09 17:20:00+00:00,567.08,567.1,566.41,566.41,72753.0,50.98281494647151,0.29289722970611365,0.2786175041938661,567.4327277249434,565.6209422750566,566.2303033249877,0.0
2025-05-09 17:30:00+00:00,566.48,567.5,566.41,567.02,1263379.0,56.487894244391285,0.3028394990826655,0.283461903171626,567.4809354183789,565.6187345816212,566.5325987817142,0.0
2025-05-09 17:40:00+00:00,567.0,567.075,566.063,566.49,937363.0,51.11627604203754,0.26489866171016274,0.2797492548793334,567.483362948506,565.625307051494,566.6241211986475,0.0
2025-05-09 17:50:00+00:00,566.4638,567.1098,565.81,567.0,720295.0,55.50133763154657,0.2728379069400262,0.27836698529147197,567.516790924624,565.621879075376,566.6999759486978,0.0
2025-05-09 18:00:00+00:00,566.97,567.36,566.54,567.2,729764.0,57.125592037624706,0.291903265374458,0.2810742413080692,567.5859617425451,565.6127082574551,566.776713169323,0.0
2025-05-09 18:10:00+00:00,567.2,567.27,565.73,565.77,592147.0,44.592468135867634,0.18943990499826668,0.2627473740461087,567.6073973394665,565.5062726605335,566.7174519677583,0.0
2025-05-09 18:20:00+00:00,565.75,565.85,563.83,564.4699,1279062.0,36.707367162611774,0.003291803222055023,0.21085625988129797,567.8321581517756,565.0595018482242,566.3156762349737,0.0
2025-05-09 18:30:00+00:00,564.4508,564.7554,562.7637,563.31,1717031.0,31.376700834105407,-0.23511587541418066,0.12166183282220225,568.1837934503308,564.3398665496693,565.717674901869,0.0
2025-05-09 18:40:00+00:00,563.29,564.36,562.97,564.2702,1295198.0,39.24267866442105,-0.3426259840276771,0.028804269452226392,568.2878667724419,564.0818132275581,565.4501997176101,0.0
2025-05-09 18:50:00+00:00,564.31,564.88,563.6015,564.56,848958.0,41.424981038921565,-0.39983503226869743,-0.056923590891958385,568.3361448794918,563.9595351205081,565.3411578236032,0.0
2025-05-09 19:00:00+00:00,564.58,565.28,564.25,565.2,656998.0,46.03492227973014,-0.38904628052284806,-0.12334812881813634,568.3075309968779,563.8641490031221,565.2999488421751,0.0
2025-05-09 19:10:00+00:00,565.19,565.19,564.2202,564.81,706678.0,43.77408480457459,-0.4072710900608172,-0.18013272106667252,568.3040041618221,563.7266758381779,565.2549226933395,0.0
2025-05-09 19:20:00+00:00,564.8,564.83,563.88,564.55,781127.0,42.28320294325867,-0.4376492617493568,-0.2316360292032094,568.2805553543349,563.5551246456653,565.1805722912804,0.0
2025-05-09 19:30:00+00:00,564.54,565.06,563.88,564.51,562601.0,42.04594454402923,-0.4596532508301152,-0.2772394735285906,568.2661172229939,563.396562777006,565.1408854011565,0.0
2025-05-09 19:40:00+00:00,564.61,565.1031,564.23,564.9399,516243.0,45.58023713649596,-0.43736061263609827,-0.3092637013500921,568.2421015922546,563.3145684077454,565.1165415547855,0.0
2025-05-09 19:50:00+00:00,564.91,565.59,564.78,565.55,512558.0,50.219961295480786,-0.3662417580665078,-0.3206593126933753,568.1107484270055,563.3039215729943,564.9265458996972,0.0
2025-05-09 20:00:00+00:00,565.56,565.6353,563.96,564.007,516467.0,40.75593458047751,-0.4294364816024654,-0.3424147464751933,567.9995671547434,563.1197328452564,564.776344055243,0.0
2025-05-09 20:10:00+00:00,564.05,564.56,563.4401,564.24,786807.0,42.51754381863779,-0.4554672595112379,-0.36502524908240225,567.8704835518013,562.9953164481988,564.6120025914538,0.0
2025-05-09 20:20:00+00:00,564.22,564.51,563.82,563.88,510344.0,40.51311065478537,-0.4993891822657588,-0.39189803571907356,567.6368289070082,562.8898710929917,564.4308673220489,0.0
2025-05-09 20:30:00+00:00,563.85,564.52,563.5735,563.89,496442.0,40.59688572648867,-0.5273121794978124,-0.41898086447482136,567.3948794022587,562.8128205977413,564.3148550709928,0.0
2025-05-09 20:40:00+00:00,563.87,564.23,563.085,563.35,347481.0,37.52377299557054,-0.5862568391013383,-0.45243605940012477,567.2809083945504,562.6207916054495,564.2389955302518,0.0
2025-05-09 20:50:00+00:00,563.37,563.98,563.19,563.4,769828.0,37.99182664786262,-0.621768958857956,-0.48630263929169104,566.988606165516,562.5510938344838,564.2958926615476,0.0
2025-05-09 21:00:00+00:00,563.4,563.76,563.03,563.76,480093.0,41.396100869674704,-0.6137882098482805,-0.511799753403009,566.7453457675185,562.5213542324814,564.3172930363462,0.0
2025-05-09 21:10:00+00:00,563.7649,564.17,563.39,564.01,456536.0,43.707363917108616,-0.5805977288880513,-0.5255593485000175,566.308303814712,562.659396185288,564.2882006817771,0.0
2025-05-09 21:20:00+00:00,564.0,564.43,562.87,563.96,1025664.0,43.33921915563335,-0.55196589646755,-0.530840658093524,565.6646252313839,562.979074768616,564.1751849895344,0.0
2025-05-09 21:30:00+00:00,563.96,564.35,563.53,564.305,519590.0,46.676671230304905,-0.49572197196175694,-0.5238169208671706,565.4157384545197,563.0814615454804,564.1198620536572,0.0
2025-05-09 21:40:00+00:00,564.31,565.07,564.133,565.01,560281.0,52.79552856064682,-0.38976764966275823,-0.49700706662628813,565.4861612134483,563.0650487865518,564.1337188001474,0.0
2025-05-09 21:50:00+00:00,565.0198,565.355,564.48,565.23,603558.0,54.548285096848076,-0.28476334985964513,-0.45455832327295953,565.5650360645855,563.1781739354144,564.1755898288449,0.0
2025-05-09 22:00:00+00:00,565.22,565.2951,564.62,564.67,411148.0,49.508960918022474,-0.243922222095307,-0.412431103037429,565.5909409158714,563.1922490841284,564.1732888740579,0.0
2025-05-09 22:10:00+00:00,564.6597,565.01,564.09,564.43,400118.0,47.48431415558095,-0.22828974624474085,-0.3756028316788914,565.5821265642946,563.1880634357053,564.116696095175,0.0
2025-05-09 22:20:00+00:00,564.43,564.6802,564.19,564.3,281806.0,46.377960706686544,-0.2238108578005722,-0.3452444369032276,565.4773807010962,563.2028092989038,564.0985858493243,0.0
2025-05-09 22:30:00+00:00,564.3001,564.78,564.245,564.58,625408.0,49.12729721118368,-0.19541502374545416,-0.31527855427167295,565.451198449985,563.2059915500151,564.1369836520016,0.0
2025-05-09 22:40:00+00:00,564.58,564.985,564.45,564.84,290007.0,51.608453239046895,-0.1501998828334763,-0.28226281998403363,565.4841035389329,563.202086461067,564.1664803005702,0.0
2025-05-09 22:50:00+00:00,564.86,565.1,564.56,564.83,309147.0,51.504407333677584,-0.1138609561036219,-0.2485824472079513,565.5178530963764,563.2003369036237,564.2075079962592,0.0
2025-05-09 23:00:00+00:00,564.84,565.85,564.8365,565.68,663604.0,59.05980997787446,-0.01628645845369192,-0.20212324945709945,565.6683947614516,563.1238052385482,564.3501248478843,0.0
2025-05-09 23:10:00+00:00,565.67,565.89,565.12,565.47,1718320.0,56.70913066831364,0.04359426145379075,-0.15297974727492142,565.6502832775942,563.1339167224058,564.6617842844497,0.0
2025-05-09 23:20:00+00:00,565.48,565.5499,564.84,564.95,674464.0,51.26769087033913,0.048531073216622644,-0.11267758317661261,565.7068156787785,563.1716843212215,564.7618228045307,0.0
2025-05-09 23:30:00+00:00,564.96,565.17,564.19,564.72,1519743.0,49.026884597110225,0.03349830666934395,-0.0834424052074213,565.732991213798,563.1935087862021,564.7940163419264,0.0
2025-05-09 23:40:00+00:00,564.75,564.9,564.13,564.42,1103993.0,46.190954058750584,-0.0025928728953203972,-0.06727249874500112,565.7318879303232,563.2486120696769,564.8688417977946,0.0
2025-05-09 23:50:00+00:00,564.42,565.0683,564.1,564.29,3371452.0,44.97684673834493,-0.04121026004258965,-0.06206005100451883,565.7251675898048,563.2953324101953,564.7993459015227,0.0
2025-05-10 00:00:00+00:00,564.3,564.7702,563.98,564.52,1359448.0,47.60101792414624,-0.052648836752950956,-0.06017780815420526,565.6610497528227,563.4764502471774,564.7636038162948,0.0
2025-05-10 00:10:00+00:00,564.51,564.73,564.0,564.48,837378.0,47.1795954057182,-0.06420158105015616,-0.060982562733395446,565.5766025829581,563.6688974170419,564.7298844251384,0.0
2025-05-10 00:20:00+00:00,564.49,564.56,564.26,564.33,57746.0,45.550992181138504,-0.08448704645627458,-0.06568345947797127,565.5315106148271,563.7709893851729,564.7242680091141,0.0
2025-05-10 00:30:00+00:00,564.28,564.41,564.16,564.39,61173.0,46.34877629649346,-0.09463107722797304,-0.07147298302797163,565.509788414854,563.830711585146,564.7290065265934,0.0
2025-05-10 00:40:00+00:00,564.36,564.49,564.3,564.43,180292.0,46.90727714525667,-0.09830937965898556,-0.07684026235417442,565.476864774484,563.9106352255158,564.7319347661563,0.0
2025-05-10 00:50:00+00:00,564.48,564.89,564.4685,564.87,47660.0,52.735744822307105,-0.06497119062737511,-0.07446644800881456,565.4875481696242,563.9564518303757,564.7420774324697,0.0
2025-05-10 01:00:00+00:00,564.8,564.84,564.44,564.56,24741.0,48.6809219379247,-0.06284045915674596,-0.07214125023840084,565.456268789007,563.9427312109929,564.7414152247253,0.0
2025-05-10 01:10:00+00:00,564.63,564.63,564.5,564.55,10308.0,48.55123683466935,-0.0612526728574494,-0.06996353476221055,565.3840116561446,563.9469883438555,564.738899753042,0.0
2025-05-10 01:20:00+00:00,564.55,564.76,564.45,564.76,13528.0,51.47473732340611,-0.042558507832609394,-0.06448252937629033,565.3896943795916,563.9503056204086,564.6954898659161,0.0
2025-05-10 01:30:00+00:00,564.76,564.84,564.68,564.84,13898.0,52.580198113066835,-0.021045318621304432,-0.05579508722529315,565.4050201186918,563.975979881308,564.5478282445059,0.0
2025-05-10 01:40:00+00:00,564.68,564.9659,564.68,564.9659,6601.0,54.342998981723056,0.006092881685276552,-0.04341749344317922,565.4243488908,564.0232411092,564.5037690618796,0.0
2025-05-10 01:50:00+00:00,564.9,564.92,564.9,564.92,12785.0,53.56125259180988,0.0236240314219458,-0.030009188470154217,565.4430653424714,564.0385246575285,564.463936281161,0.0
2025-05-10 02:00:00+00:00,564.9,565.05,564.9,565.0,10516.0,54.782191072534985,0.04347180934757944,-0.015312988906607487,565.4590039508834,564.0385860491166,564.4612809068158,0.0
2025-05-10 02:10:00+00:00,564.9016,565.1,564.63,564.63,11731.0,48.439037705943505,0.029010987957690304,-0.006448193533747929,565.4497804808046,564.0278095191953,564.4311203470294,0.0
2025-05-10 02:20:00+00:00,564.91,565.09,564.9,565.0499,3815.0,54.83101184892093,0.05084697133645477,0.005010839440292611,565.2935612577087,564.1210187422914,564.4409614716665,0.0
2025-05-10 02:30:00+00:00,565.03,565.05,564.91,564.91,2562.0,52.49596065687533,0.05621536889725576,0.01525174533168524,565.1614216704132,564.1971583295866,564.5127440916183,0.0
2025-05-10 02:40:00+00:00,564.91,565.05,564.91,565.05,2668.0,54.58048808185124,0.07094883856564138,0.026391163978476472,565.1794458821375,564.1891341178625,564.5345743824739,0.0
2025-05-10 02:50:00+00:00,565.078,565.08,564.9501,565.0,1526.0,53.67460411071501,0.07769501749601204,0.03665193468198359,565.2121721534314,564.1844078465687,564.5750018658543,0.0
2025-05-10 03:00:00+00:00,565.0,565.02,565.0,565.02,1728.0,54.003459530186085,0.0836905136096675,0.04605965046752038,565.2437366680608,564.212843331939,564.7646007889024,1.0
2025-05-10 03:10:00+00:00,565.03,565.03,564.88,564.9107,11803.0,51.83771817364999,0.07871501325860208,0.05259072302573672,565.2389786662164,564.2796713337835,564.7888612042705,1.0
2025-05-10 03:20:00+00:00,564.92,565.04,564.8806,565.04,7421.0,54.17878932752938,0.08423432194933866,0.058919442810457114,565.2666399068071,564.304010093193,564.8412747094676,1.0
2025-05-10 03:30:00+00:00,564.9477,565.1,564.9,564.95,14204.0,52.274105742311534,0.08041914417765383,0.06321938308389646,565.2738346122818,564.3438153877181,564.8841125154594,1.0
2025-05-10 03:40:00+00:00,564.9,564.99,564.8838,564.98,9764.0,52.86889699803713,0.07890674969360134,0.06635685640583744,565.2560712350817,564.4265787649185,564.9177327040244,1.0
2025-05-10 03:50:00+00:00,564.9,565.13,564.86,565.0,21812.0,53.286864908618305,0.07841804461691027,0.06876909404805201,565.235954289558,564.5076957104419,564.9475240487842,1.0
2025-05-12 12:00:00+00:00,571.12,579.0,571.11,578.65,89173.0,93.78659759643683,1.166030391982872,0.28822135363501605,571.5860812446983,559.5795687553018,569.9531849008453,0.0
2025-05-12 12:10:00+00:00,578.66,579.12,578.34,578.77,53085.0,93.83718305455314,2.0144328818909116,0.6334636592861952,574.571538193709,557.984111806291,572.1493882184744,0.0
2025-05-12 12:20:00+00:00,578.71,578.74,578.0,578.6,42562.0,92.68595204220712,2.642617933734641,1.0352945141758845,576.8079213232712,557.1517286767288,573.4032789722487,0.0
2025-05-12 12:30:00+00:00,578.73,578.93,578.41,578.86,21640.0,92.83081796463657,3.12541114604835,1.4533178405503777,578.7221385941209,556.6685114058789,574.1659712729738,0.0
2025-05-12 12:40:00+00:00,578.93,579.9,578.91,579.89,45825.0,93.38941293631086,3.5502159574501775,1.8726974639303378,580.5893800313678,556.314269968632,575.0328457755335,0.0
2025-05-12 12:50:00+00:00,579.87,580.05,579.48,579.48,43489.0,90.37093836673539,3.8098753856714893,2.260133048278568,582.102494395084,556.2651556049161,575.6531903922358,0.0
2025-05-12 13:00:00+00:00,579.5,579.96,579.46,579.8,34410.0,90.62561178392097,3.99542194184869,2.6071908269925927,583.4781670045232,556.3728929954767,576.0774452078333,0.0
2025-05-12 13:10:00+00:00,579.8,580.17,579.67,579.67,39398.0,89.58896164658573,4.084890930969209,2.9027308477879163,584.6443825016847,556.6816774983151,576.4556010257892,0.0
2025-05-12 13:20:00+00:00,579.56,580.06,579.32,580.06,15585.0,89.96000173439025,4.139547364827536,3.1500941511958405,585.7148694304,557.1171905696,576.615767932555,0.0
2025-05-12 13:30:00+00:00,580.09,580.23,580.08,580.14,32714.0,90.03842857217548,4.141576794604589,3.3483906798775904,586.6159085979277,557.7671514020724,577.1537320295254,0.0
2025-05-12 13:40:00+00:00,580.18,580.28,579.98,580.18,28351.0,90.08015303236283,4.099160230531197,3.498544590008312,587.3818859571439,558.5141840428561,577.5097050500113,0.0
2025-05-12 13:50:00+00:00,580.27,580.46,580.05,580.31,19449.0,90.22347586871929,4.029584173430635,3.6047525066927766,587.9967659608747,559.4393040391255,577.9756097840745,0.0
2025-05-12 14:00:00+00:00,580.33,580.63,580.04,580.24,22703.0,89.4738476840966,3.9235677848370187,3.668515562321625,588.4437455165657,560.5113244834342,578.3284467211284,0.0
2025-05-12 14:10:00+00:00,580.14,580.62,580.11,580.48,52442.0,89.78715530955604,3.8149387876785568,3.6978002073930116,588.7385626737695,561.7645073262305,579.0673239020797,0.0
2025-05-12 14:20:00+00:00,580.44,581.23,580.3,581.22,46039.0,90.70574402458824,3.7453868521535014,3.70731753634511,588.9247837604422,563.1982862395579,579.7425886692965,0.0
2025-05-12 14:30:00+00:00,581.15,582.14,581.15,581.51,88847.0,91.04565045703275,3.671346026860192,3.7001232344481263,588.8821935162196,564.9008064837803,580.1513791067262,0.0
2025-05-12 14:40:00+00:00,581.51,581.68,580.99,581.35,545470.0,89.10934149115732,3.5587345993299095,3.671845507424483,588.5236817462613,566.8903182537387,580.846998021283,0.0
2025-05-12 14:50:00+00:00,581.35,582.53,581.3,582.26,304869.0,90.36449291107185,3.502543485460592,3.637985103031705,587.8246346185567,569.3203653814433,581.1549724876871,0.0
2025-05-12 15:00:00+00:00,582.2,582.92,581.71,582.5,489075.0,90.66990251895197,3.4377493821673397,3.5979379588588323,586.4246257872752,572.4723742127247,581.5352020119793,0.0
2025-05-12 15:10:00+00:00,582.63,582.65,581.46,581.73,240332.0,81.72032800918609,3.2863836387647325,3.5356270948400126,582.5558192354038,578.0141807645962,581.6270555422878,0.0
2025-05-12 15:20:00+00:00,581.75,582.18,581.44,581.74,50736.0,81.74552812115105,3.1311382997597548,3.454729335823961,582.6643368479236,578.2146631520764,581.6640146726651,0.0
2025-05-12 15:30:00+00:00,581.76,581.9,581.23,581.9,74574.0,82.1690855984923,2.986588381168872,3.3611011448929435,582.7688083210161,578.4231916789837,581.7002805210456,0.0
2025-05-12 15:40:00+00:00,581.92,581.94,580.8,581.09,185545.0,72.94188839685114,2.77468644060707,3.243818204035769,582.6981498678674,578.7428501321326,581.6777275325294,0.0
2025-05-12 15:50:00+00:00,581.18,581.19,580.28,581.0,129725.0,71.97476085170587,2.5698665562283622,3.109027874474288,582.6131749423887,579.0418250576113,581.6510137419559,0.0
2025-05-12 16:00:00+00:00,582.0201,582.9001,572.48,580.8806,400488.0,70.63667645078164,2.370584121957563,2.961339123970943,582.6101211078978,579.1439388921021,581.2292707050109,0.0
2025-05-12 16:10:00+00:00,581.0,581.93,581.0,581.91,115530.0,74.95901861273255,2.2695533358826196,2.8229819663532787,582.6621473322833,579.3349126677166,581.2521964822234,0.0
2025-05-12 16:20:00+00:00,581.9499,582.54,581.83,582.54,87047.0,77.17360362300374,2.2147907161842113,2.7013437163194656,582.8327270269453,579.4383329730547,581.2924140740737,0.0
2025-05-12 16:30:00+00:00,582.53,582.53,581.4222,581.56,116076.0,67.21541986516611,2.0684691113926874,2.5747687953341103,582.7956723819862,579.6643876180137,581.3306435325096,0.0
2025-05-12 16:40:00+00:00,581.58,581.58,581.12,581.33,84419.0,65.0925229569566,1.9119098015258942,2.4421969965724672,582.764350120977,579.822709879023,581.3375546847581,0.0
2025-05-12 16:50:00+00:00,581.3612,581.67,581.2,581.29,86046.0,64.7097453542368,1.7642703444904555,2.306611666156065,582.7236053269933,579.9784546730068,581.3309938478286,0.0
2025-05-12 17:00:00+00:00,581.32,581.78,580.61,580.67,179951.0,58.92564111372708,1.5790340708074382,2.1610961470863397,582.6793935466452,580.0716664533549,581.3070683924345,0.0
2025-05-12 17:10:00+00:00,580.64,581.61,580.62,581.34,98673.0,62.79577895156744,1.469358539337236,2.022748625536519,582.6364235621912,580.2176364378087,581.2078684782463,0.0
2025-05-12 17:20:00+00:00,581.35,581.9,581.26,581.48,234259.0,63.568234982113786,1.3778536808994204,1.8937696366090995,582.568849386874,580.4092106131259,580.9715896969744,0.0
2025-05-12 17:30:00+00:00,581.47,581.73,578.89,579.21,4557337.0,46.6539833604057,1.1093771829108618,1.736891145869452,582.8344473674384,580.0166126325615,580.2028176894194,0.0
2025-05-12 17:40:00+00:00,579.24,579.4953,578.34,579.17,3727360.0,46.419596741245506,0.8831989900946837,1.5661527147144985,583.0411853329867,579.6048746670133,579.7505904258431,0.0
2025-05-12 17:50:00+00:00,579.16,580.31,578.63,578.79,1952550.0,44.150326127526014,0.6656155172033777,1.3860452752122743,583.2252474536276,579.1488125463725,579.6557280689724,0.0
2025-05-12 18:00:00+00:00,578.8,579.65,578.52,579.03,1834244.0,45.94759189131993,0.5067040724344452,1.2101770346567085,583.312848509218,578.8292114907819,579.5541940093232,0.0
2025-05-12 18:10:00+00:00,579.02,580.5,578.94,579.84,2054122.0,51.607719346812914,0.4410417829723201,1.0563499843198307,583.1833108305884,578.7167491694115,579.5708162284697,0.0
2025-05-12 18:20:00+00:00,579.8792,580.05,577.89,578.26,1953061.0,42.30237118884779,0.2585309660664734,0.8967861806691593,583.1410568721502,578.3350031278497,579.494217584789,0.0
2025-05-12 18:30:00+00:00,578.27,578.3367,577.04,578.28,2165764.0,42.4438421638589,0.11418738055817812,0.7402664206469631,583.1476017550599,577.9834582449403,579.2993089325413,0.0
2025-05-12 18:40:00+00:00,578.27,579.72,578.16,579.58,1828038.0,50.875377216225075,0.10350009982596475,0.6129131564827635,583.0146409612761,577.900419038724,579.2739954606274,0.0
2025-05-12 18:50:00+00:00,579.57,580.18,578.95,579.05,2531395.0,47.800920950304985,0.051668183584752114,0.5006641619031612,582.8522875092567,577.7777724907432,579.2741904838701,0.0
2025-05-12 19:00:00+00:00,579.06,579.7315,578.9,579.053,1203768.0,47.82014273164507,0.01070963742904496,0.402673257008338,582.7811773174208,577.6451826825792,579.2647636374329,0.0
2025-05-12 19:10:00+00:00,579.06,579.64,578.8909,579.24,1121678.0,49.07887627609467,-0.0065850598431325125,0.3208215936380439,582.6999096833418,577.5504503166582,579.2572435739703,0.0
2025-05-12 19:20:00+00:00,579.22,579.34,578.16,578.85,1489631.0,46.55645011810604,-0.051171104032505355,0.24642305410393409,582.6311554189555,577.4161445810445,579.2189972463369,0.0
2025-05-12 19:30:00+00:00,578.87,579.33,578.45,578.74,1160197.0,45.840819383198365,-0.09429497222618011,0.17827944883791125,582.3784115681389,577.3518884318611,579.1961954266487,0.0
2025-05-12 19:40:00+00:00,578.74,578.82,578.24,578.58,788919.0,44.76301380762851,-0.1397704248312266,0.11466947410408368,581.9163777141023,577.4179222858977,579.1587221390105,0.0
2025-05-12 19:50:00+00:00,578.6,578.72,578.035,578.1695,1953295.0,42.032460085416915,-0.20655295408209895,0.050424988466847155,581.6600507877179,577.3351992122821,578.9554493977494,0.0
2025-05-12 20:00:00+00:00,578.16,579.08,577.9775,579.075,788853.0,49.36924498669847,-0.18428795045713287,0.003482400682051149,581.3822327014116,577.3875172985884,578.9394319167973,0.0
2025-05-12 20:10:00+00:00,579.07,579.36,578.7893,579.07,1096967.0,49.33211567561401,-0.16514257211326822,-0.030242593877012725,581.0722305786855,577.4755194213146,578.9190971595194,0.0
2025-05-12 20:20:00+00:00,579.07,579.83,578.89,579.3,854206.0,51.152023930522695,-0.12991308683399438,-0.050176692468409057,580.8863322532904,577.5244177467096,578.9233305896018,0.0
2025-05-12 20:30:00+00:00,579.27,579.94,579.235,579.74,578891.0,54.517673676842335,-0.06573143213563526,-0.0532876404018543,580.5203148866584,577.7304351133417,578.8564725357732,0.0
2025-05-12 20:40:00+00:00,579.74,580.84,579.69,580.715,970045.0,60.939985229034995,0.0630801939913681,-0.030014073523209818,580.243210977508,577.931039022492,578.951031867056,0.0
2025-05-12 20:50:00+00:00,580.7101,581.22,580.59,581.06,1161823.0,62.934414883751494,0.19080348860381946,0.014149438902196037,580.6210608422732,577.7381891577268,579.2156266071802,0.0
2025-05-12 21:00:00+00:00,581.08,582.43,580.97,582.245,2161867.0,68.8229272883946,0.38322711271780463,0.08796497366531776,581.29869107824,577.3680589217598,579.5446855876664,0.0
2025-05-12 21:10:00+00:00,582.24,582.3,581.6,581.69,1321610.0,63.71727489579119,0.48534559756240014,0.16744109844473426,581.676112993344,577.2806370066559,579.7517197064233,0.0
2025-05-12 21:20:00+00:00,581.69,581.69,581.02,581.3199,972650.0,60.49439567351457,0.5302983067989544,0.2400125401155783,581.9200250666613,577.2657149333388,579.8843751954513,0.0
2025-05-12 21:30:00+00:00,581.29,581.82,581.16,581.59,691121.0,62.00484192398834,0.581020819086234,0.30821419590970944,582.164422476154,577.1963175238461,579.9992257343613,0.0
2025-05-12 21:40:00+00:00,581.59,581.8787,581.3698,581.63,552852.0,62.23512114524882,0.6173302424557505,0.3700374052189177,582.3813922495143,577.3163477504858,580.1792984946088,0.0
2025-05-12 21:50:00+00:00,581.62,582.0,581.4828,581.5007,710009.0,60.949190183806586,0.6284281639849496,0.4217155569721241,582.5324786290114,577.4873313709886,580.3577529602284,0.0
2025-05-12 22:00:00+00:00,581.51,582.08,581.46,581.81,721823.0,62.922773357858645,0.6546350465051773,0.46829945487873476,582.7528976284873,577.4899123715127,580.5268376506706,0.0
2025-05-12 22:10:00+00:00,581.83,582.13,581.32,582.09,861776.0,64.66380997739873,0.6900434582062189,0.5126482555442317,582.9896209291525,577.5571890708476,580.9337786866613,0.0
2025-05-12 22:20:00+00:00,582.09,582.1799,581.73,581.95,868292.0,63.06913483217958,0.6987532570236681,0.5498692558401189,583.1674765934298,577.6690334065703,581.1289008827068,0.0
2025-05-12 22:30:00+00:00,581.98,582.43,581.97,582.32,1029420.0,65.4912695241184,0.727129842911836,0.5853213732544623,583.3845539189948,577.7599560810053,581.3814897749111,0.0
2025-05-12 22:40:00+00:00,582.32,582.58,581.91,582.0,1133623.0,61.72098116509695,0.7155487652695456,0.6113668516574791,583.490961060724,577.9685489392762,581.5729724895641,0.0
2025-05-12 22:50:00+00:00,582.0,582.06,581.5,581.54,1056434.0,56.67041475662364,0.6616257128117695,0.6214186238883372,583.4937468654175,578.2457631345824,581.661209380792,0.0
2025-05-12 23:00:00+00:00,581.55,582.1949,581.1403,582.1011,1620555.0,60.875923011700664,0.6565985268370014,0.6284546044780701,583.4985632218868,578.5930567781131,581.7589905907272,0.0
2025-05-12 23:10:00+00:00,582.1,582.11,581.44,581.97,1132565.0,59.42465463971051,0.6347191244142323,0.6297075084653025,583.3305316255224,579.1411383744777,581.8280121361078,0.0
2025-05-12 23:20:00+00:00,581.98,582.025,581.33,581.52,1481843.0,54.61199937803624,0.5744464401864207,0.6186552948095262,583.2047799052224,579.5113900947778,581.7985639802487,0.0
2025-05-12 23:30:00+00:00,581.51,581.84,581.2,581.2999,2983481.0,52.37762421689552,0.50312001875227,0.595548239598075,582.9908189813154,579.9483410186847,581.7267666645487,0.0
2025-05-12 23:40:00+00:00,581.3,581.43,580.8,581.33,2147548.0,52.66285814766643,0.4439050729705514,0.5652196062725703,582.726692425631,580.4154675743691,581.680454147328,0.0
2025-05-12 23:50:00+00:00,581.32,583.0,581.32,582.84,8164602.0,64.23559883646891,0.5129086901163191,0.55475742304132,582.6699024823936,580.7822575176065,581.9205757963547,0.0
2025-05-13 00:00:00+00:00,582.85,583.96,582.8,583.0,3393407.0,65.20624992946874,0.5738897726081404,0.5585838929546841,582.8194655923828,580.8611944076172,582.0921666614016,0.0
2025-05-13 00:10:00+00:00,583.0,583.1,582.76,583.0,966233.0,65.20624992946873,0.6151269196018347,0.5698924982841143,582.9708939449353,580.9037660550647,582.1334596723151,0.0
2025-05-13 00:20:00+00:00,582.95,583.12,564.4344,583.1,1888690.0,65.87752739462731,0.6484024402425348,0.5855944866757984,583.1256681975082,580.8344918024919,581.7971952583597,0.0
2025-05-13 00:30:00+00:00,583.11,583.25,583.0985,583.25,40884.0,66.90883639938244,0.6790496152146943,0.6042855123835776,583.3205166907966,580.7956433092035,581.7977219452409,0.0
2025-05-13 00:40:00+00:00,583.25,583.26,583.0,583.0,48573.0,63.46595119452666,0.675379457540771,0.6185043014150163,583.4203571748395,580.8638128251604,581.7950462346562,0.0
2025-05-13 00:50:00+00:00,583.03,583.23,583.03,583.2,75122.0,65.01681302319909,0.6807617618413815,0.6309557935002894,583.5533501982858,580.8918198017142,581.7814236336139,0.0
2025-05-13 01:00:00+00:00,583.2084,583.2084,583.03,583.04,171466.0,62.72290430392836,0.6644571653607727,0.637656067872386,583.6401028443391,580.9460671556609,581.7731569049184,0.0
2025-05-13 01:10:00+00:00,583.05,583.12,583.04,583.1,16176.0,63.246582074097205,0.6488970722165277,0.6399042687412144,583.7122762818013,581.0338237181985,581.7772401249892,0.0
2025-05-13 01:20:00+00:00,583.12,583.12,583.05,583.09,10447.0,63.087508192956186,0.6285135568219857,0.6376261263573687,583.7848413168838,581.0892586831162,581.7753391128082,0.0
2025-05-13 01:30:00+00:00,583.09,583.15,583.08,583.0817,6835.0,62.94599637677769,0.6047189102099537,0.6310446831278858,583.8525532731653,581.1207167268346,581.7723407008649,0.0
2025-05-13 01:40:00+00:00,583.13,583.19,583.13,583.19,8462.0,64.07824531208533,0.5878243134602599,0.6224006091943606,583.9240279507477,581.1732420492523,581.7838939402044,0.0
2025-05-13 01:50:00+00:00,583.19,583.2,583.17,583.17,9575.0,63.69119058928816,0.5662935118647283,0.6111791897284341,583.9880046678525,581.1942653321476,581.8440530814003,0.0
2025-05-13 02:00:00+00:00,583.17,583.24,582.6019,582.86,90853.0,57.85756815107182,0.5182418181717594,0.5925917154170992,584.0083323762768,581.2599376237232,581.945304136348,0.0
2025-05-13 02:10:00+00:00,582.77,582.82,582.61,582.8073,14779.0,56.90338734819758,0.47048460153871474,0.5681702926414224,583.9777065770279,581.4172934229721,581.4125268172829,0.0
2025-05-13 02:20:00+00:00,582.7599,582.85,582.75,582.75,4157.0,55.825357703128816,0.42313539076860707,0.5391633122668593,583.980597160181,581.4792928398191,579.5508209328435,0.0
2025-05-13 02:30:00+00:00,582.71,582.71,582.4,582.4,19997.0,49.639269963539576,0.3532961471081535,0.5019898792351182,583.9632829783475,581.5396070216525,578.2089435829882,0.0
2025-05-13 02:40:00+00:00,582.39,582.5,582.39,582.49,5977.0,51.13864144938165,0.301732111224851,0.46193832563306475,583.8813892314631,581.7185007685368,583.0365583835113,0.0
2025-05-13 02:50:00+00:00,582.4888,582.4888,582.33,582.3507,7323.0,48.720815312400944,0.2467821445216032,0.4189070894107725,583.7178271479187,581.9871428520813,583.0132855733564,0.0
2025-05-13 03:00:00+00:00,582.5,582.91,582.48,582.85,7979.0,56.63506448665412,0.24074804360577673,0.38327528024977336,583.4404636645594,582.4165063354407,583.0006133759919,0.0
2025-05-13 03:10:00+00:00,582.85,583.13,582.84,583.04,4902.0,59.214647712835685,0.24843359937131027,0.35630694407408076,583.4509724173713,582.4259975826285,582.9703720230052,0.0
2025-05-13 03:20:00+00:00,583.14,583.37,583.1322,583.22,7781.0,61.548268719150734,0.2659828684255672,0.33824212894437805,583.4760328828786,582.4229371171214,582.8826174658409,0.0
2025-05-13 03:30:00+00:00,583.21,583.21,582.5,582.5,8259.0,49.37790759770887,0.2192652545116971,0.3144467540578419,583.4854214250645,582.3635485749355,582.8608830595293,0.0
2025-05-13 03:40:00+00:00,582.58,582.6,582.5,582.51,8130.0,49.52718612025897,0.18096210680687363,0.28774982460764825,583.4775372577112,582.312432742289,582.8365200285516,0.0
2025-05-13 03:50:00+00:00,582.5,582.5,582.11,582.13,25844.0,44.19397713082692,0.11857688160455382,0.25391523600702937,583.4860216395845,582.1919483604157,582.7603131505801,0.0
2025-05-13 12:00:00+00:00,580.7,581.21,580.42,580.42,17821.0,29.039721879975787,-0.06806199149252734,0.18951979050711804,583.9417337296384,581.4782362703618,582.5868572082938,0.0
2025-05-13 12:10:00+00:00,580.42,581.0,580.38,580.99,3474.0,36.81712043526939,-0.16804330811851287,0.11800717078199187,584.0179386203084,581.1810313796915,582.5344028172794,0.0
2025-05-13 12:20:00+00:00,581.03,581.05,580.86,580.86,6622.0,35.85199112214839,-0.2548315954110194,0.04343941754338961,584.0813456453636,580.8996243546364,582.2272152665246,0.0
2025-05-13 12:30:00+00:00,581.01,581.19,581.01,581.19,5290.0,40.14158495555612,-0.29359926670395,-0.023968319306078303,584.0558002013296,580.7341697986705,582.1263741219664,0.0
2025-05-13 12:40:00+00:00,580.74,580.74,580.67,580.67,780.0,36.05067027018118,-0.3621084192359376,-0.09159633929205017,584.0623497874435,580.4856202125566,582.0968090518952,0.0
2025-05-13 12:50:00+00:00,580.42,580.49,580.36,580.46,5570.0,34.52062192956804,-0.4284092262711283,-0.15895891668786583,584.0552658425805,580.2305341574196,581.9466927762228,0.0
2025-05-13 13:00:00+00:00,580.45,580.68,580.32,580.68,7744.0,37.5126915618049,-0.4579222890334904,-0.21875159115699075,583.9674958222275,580.0673041777724,581.8292089128851,0.0
2025-05-13 13:10:00+00:00,580.6,580.8,580.57,580.68,5886.0,37.5126915618049,-0.4758265713797982,-0.27016658720155223,583.8506801500348,579.9351198499653,581.7357398453967,0.0
2025-05-13 13:20:00+00:00,580.75,581.0,580.71,581.0,5745.0,41.984735782003426,-0.458904552461604,-0.3079141802535626,583.7417302489844,579.8580697510156,581.6228844547115,0.0
2025-05-13 13:30:00+00:00,581.02,581.16,581.01,581.16,3528.0,44.137465921283315,-0.4276533461585359,-0.3318620134345573,583.6208195801328,579.8142504198672,581.5466320162883,0.0
2025-05-13 13:40:00+00:00,581.16,581.3,581.06,581.25,3603.0,45.36553064433626,-0.3911157532297693,-0.3437127613935997,583.4946994616427,579.7903705383575,581.4134903720667,0.0
2025-05-13 13:50:00+00:00,581.33,581.5,581.31,581.41,9276.0,47.57213734761788,-0.3452687416391882,-0.3440239574427174,583.4142368155527,579.7718331844475,581.312940485883,0.0
2025-05-13 14:00:00+00:00,581.55,581.57,581.15,581.23,5754.0,45.35291598120758,-0.3197730061576749,-0.3391737671857089,583.309458977857,579.750611022143,581.2201058878903,0.0
2025-05-13 14:10:00+00:00,581.22,581.5,581.22,581.4,9994.0,47.82830797835901,-0.28259232444247573,-0.32785747863706227,583.2220387319265,579.7429612680734,580.9456530935626,0.0
2025-05-13 14:20:00+00:00,581.55,581.56,581.32,581.32,3023.0,46.75498443567049,-0.256623501737522,-0.31361068325715424,583.0289158942696,579.7830841057303,581.0249343942114,0.0
2025-05-13 14:30:00+00:00,581.24,581.32,581.07,581.32,10557.0,46.75498443567049,-0.23335307367256064,-0.2975591613402355,582.7593609692755,579.8806390307244,581.0615344480161,0.0
2025-05-13 14:40:00+00:00,581.38,581.59,581.33,581.49,11955.0,49.54543544273375,-0.19890070896440193,-0.2778274708650688,582.3848518141189,580.0821481858812,581.126901377224,0.0
2025-05-13 14:50:00+00:00,581.58,581.84,581.47,581.47,19169.0,49.21862892255526,-0.17123688238143586,-0.2565093531683422,582.1846883862272,580.1793116137728,581.213899763446,0.0
2025-05-13 15:00:00+00:00,581.25,581.55,581.23,581.53,21043.0,50.27822328746816,-0.14282520192614356,-0.2337725229199025,581.9498745312932,580.3161254687069,581.2553637451464,0.0
2025-05-13 15:10:00+00:00,581.55,582.0,581.51,581.97,35599.0,57.31253614801739,-0.08383798559304978,-0.20378561545453197,581.9049615374333,580.3450384625667,581.4182274741185,0.0
2025-05-13 15:20:00+00:00,581.91,581.95,581.39,581.5,39648.0,49.29076187434693,-0.07416038891506105,-0.1778605701466378,581.9038420516739,580.454157948326,581.4960587906339,0.0
2025-05-13 15:30:00+00:00,581.47,581.81,581.42,581.81,89850.0,53.876330343390705,-0.04100374890902003,-0.15048920589911427,581.9888692996047,580.4511307003953,581.5753566343186,0.0
2025-05-13 15:40:00+00:00,581.79,582.06,581.76,581.95,37391.0,55.8194015507715,-0.0033909540450167697,-0.12106955552829478,582.0868662966138,580.4621337033861,581.6315235194247,0.0
2025-05-13 15:50:00+00:00,581.88,582.2,581.55,582.19,25356.0,59.007537012607074,0.045261702376024004,-0.08780330394743102,582.2279041176981,580.421095882302,581.6646560713555,0.0
2025-05-13 16:00:00+00:00,581.55,582.51,580.22,582.41,111041.0,61.733500475857035,0.10041393515746222,-0.05015985612645238,582.3788939217677,580.4441060782324,581.6811048528745,0.0
2025-05-13 16:10:00+00:00,582.41,582.69,582.4,582.57,61391.0,63.627878453289824,0.15524358836057672,-0.009079167229046559,582.5062845899297,580.5277154100704,581.7975349976094,0.0
2025-05-13 16:20:00+00:00,582.58,583.83,582.48,582.92,102183.0,67.4266491722349,0.22435236407966386,0.037607139032695525,582.7162331856007,580.5417668143994,582.0283762769515,0.0
2025-05-13 16:30:00+00:00,583.23,587.4,582.5,583.51,653668.0,72.61828021371198,0.32300622124898837,0.0946869554759541,583.047018311608,580.4939816883922,583.3399336019917,0.0
2025-05-13 16:40:00+00:00,583.55,583.61,582.67,583.34,125139.0,69.1960870972446,0.38305689314802294,0.15236094301036787,583.2834494976071,580.491550502393,583.3318885482779,0.0
2025-05-13 16:50:00+00:00,583.35,583.48,583.04,583.33,56150.0,68.99012786428005,0.42494209884500833,0.20687717417729598,583.4832444317826,580.5087555682173,583.3458444487783,0.0
2025-05-13 17:00:00+00:00,583.29,583.58,583.05,583.44,43928.0,70.0462832460115,0.4616904269684028,0.25783982473551736,583.6770148742114,580.5339851257884,583.3619543443945,0.0
2025-05-13 17:10:00+00:00,583.49,583.66,564.61,583.38,33948.0,68.67238918347223,0.4804340979827657,0.302358679384967,583.834636685429,580.5733633145709,583.2403131326142,0.0
2025-05-13 17:20:00+00:00,583.4,583.67,583.0,583.44,149998.0,69.32042962276836,0.49443060264661653,0.34077306403729696,583.9655417922835,580.6634582077166,583.2769880639797,0.0
2025-05-13 17:30:00+00:00,583.41,584.26,582.84,584.21,2895286.0,76.14137292958819,0.5611864897463192,0.3848557491791014,584.2433791543924,580.6666208456077,583.6112362527534,0.0
2025-05-13 17:40:00+00:00,584.22,584.67,583.87,584.14,1471698.0,74.51935280287196,0.6015087774768517,0.42818635483865153,584.4477494430577,580.7442505569423,583.7794001632569,0.0
2025-05-13 17:50:00+00:00,584.15,585.47,584.14,585.28,1743239.0,81.44996691558023,0.7171856835052495,0.48598622057197116,584.8885873101552,580.699412689845,584.0793182477065,0.0
2025-05-13 18:00:00+00:00,585.29,586.34,585.22,586.19,2586702.0,84.96537067872445,0.8722352744562158,0.5632360313488202,585.505464415222,580.552535584778,584.5597773359059,0.0
2025-05-13 18:10:00+00:00,586.2,587.9,585.88,587.18,2698243.0,87.69699108865646,1.0627472300508316,0.6631382710892225,586.2753949660297,580.3536050339704,585.0792111287334,0.0
2025-05-13 18:20:00+00:00,587.21,587.63,586.7805,586.82,1753643.0,81.87175271972018,1.1711797054590534,0.7647465579631887,586.7895881080975,580.3684118919024,585.3489021463863,0.0
2025-05-13 18:30:00+00:00,586.84,587.2613,586.55,586.95,1251950.0,82.32824580716716,1.2531575171839222,0.8624287498073354,587.2652698468197,580.3907301531802,585.4863255149305,0.0
2025-05-13 18:40:00+00:00,586.9309,587.08,586.11,586.45,1289700.0,74.55233979714116,1.2632181102198956,0.9425866218898474,587.5194597848777,580.6315402151224,585.5826497569652,0.0
2025-05-13 18:50:00+00:00,586.47,587.3789,586.44,587.0801,1145553.0,77.44365256875821,1.3069690807155894,1.0154631136549959,587.8549893062439,580.8230206937562,585.7167386337159,0.0
2025-05-13 19:00:00+00:00,587.11,587.25,586.74,587.06,1716261.0,77.14255137517196,1.324749253261075,1.0773203415762118,588.1215885575233,581.0674214424768,585.8518566673405,0.0
2025-05-13 19:10:00+00:00,587.08,587.51,586.97,587.485,951567.0,79.00159866413193,1.357485864192654,1.1333534460995003,588.4193970732534,581.2991129267465,585.9300478027101,0.0
2025-05-13 19:20:00+00:00,587.5,588.09,587.2,587.7,1460289.0,79.89254982748425,1.3848152788632433,1.1836458126522489,588.7027167211905,581.5447932788094,586.055077670947,0.0
2025-05-13 19:30:00+00:00,587.69,588.17,587.61,588.07,1124647.0,81.35842884266621,1.4199615122506657,1.2309089525719323,588.9957267821726,581.8017832178273,586.1643986645743,0.0
2025-05-13 19:40:00+00:00,588.0999,588.44,587.69,587.79,1517513.0,76.79575592446125,1.408979655078383,1.2665230930732225,589.1941280638558,582.0903819361441,586.2984407335668,0.0
2025-05-13 19:50:00+00:00,587.8,587.88,587.33,587.65,935688.0,74.54469014780555,1.373150796552295,1.2878486337690371,589.3622753503172,582.3362346496828,586.693749439826,0.0
2025-05-13 20:00:00+00:00,587.67,587.71,586.98,587.195,837808.0,67.60850984562182,1.2931350151252445,1.2889059100402787,589.4029030231096,582.6811069768904,586.8905120189265,0.0
2025-05-13 20:10:00+00:00,587.2,587.6499,586.965,587.0599,2767092.0,65.65506771843677,1.204930798735063,1.2721108877792355,589.3737729299443,583.0832270700556,587.0849565657043,0.0
2025-05-13 20:20:00+00:00,587.0599,587.81,586.96,587.6917,1628086.0,70.0179146617588,1.1724935260790517,1.2521874154391988,589.3711049099903,583.5110650900098,587.2594015801327,0.0
2025-05-13 20:30:00+00:00,587.66,588.045,587.29,588.005,859930.0,71.92262636809397,1.1587105514787481,1.2334920426471088,589.3154823990184,584.0291876009816,587.3209192550099,0.0
2025-05-13 20:40:00+00:00,588.02,588.355,587.85,588.2,750383.0,73.06938643928102,1.1502628015613254,1.2168461944299522,589.1767873672329,584.6438826327669,587.3778881799456,0.0
2025-05-13 20:50:00+00:00,588.2,588.225,587.9,587.955,639673.0,69.2428389824806,1.110991626537043,1.1956752808513704,589.0357437274872,585.1594262725127,587.4339314180264,0.0
2025-05-13 21:00:00+00:00,587.96,588.14,587.7,587.86,1098486.0,67.76102457988797,1.0599843911016933,1.168537102901435,588.6924387088476,585.8747312911524,587.5289395888726,0.0
2025-05-13 21:10:00+00:00,587.8691,588.3199,587.66,588.2,1154250.0,70.21754007033847,1.035064370277837,1.1418425563767156,588.5541726990848,586.3049973009154,587.6010332056028,0.0
2025-05-13 21:20:00+00:00,588.2,588.39,588.03,588.33,679044.0,71.12354643639479,1.014114902449819,1.1162970255913365,588.5727976871121,586.500372312888,587.689033838383,0.0
2025-05-13 21:30:00+00:00,588.335,589.0699,588.3,588.61,1440167.0,73.02682401493936,1.0084808190808872,1.0947337842892466,588.7298252163298,586.4863447836701,587.7925011977526,0.0
2025-05-13 21:40:00+00:00,588.6,588.81,588.37,588.67,1604352.0,73.43094581034202,0.9973603170785736,1.075259090847112,588.8518422314348,586.549327768565,587.8811825017891,0.0
2025-05-13 21:50:00+00:00,588.66,588.85,587.86,587.9191,1458649.0,61.09431601993528,0.9173808888194799,1.0436834504415857,588.850346432121,586.6477335678791,587.9043126341127,0.0
2025-05-13 22:00:00+00:00,587.92,588.26,587.46,587.9,1166590.0,60.8144436056949,0.8427408138152259,1.0034949231163137,588.7483127107714,586.8947672892286,587.8960354124944,0.0
2025-05-13 22:10:00+00:00,587.8938,588.3,587.84,588.155,941377.0,63.23588990264343,0.7950001189963132,0.9617959622923137,588.746861741848,587.0037082581522,587.9223906698077,0.0
2025-05-13 22:20:00+00:00,588.155,588.33,587.86,587.89,794567.0,59.145533468159364,0.7273970091638375,0.9149161716666185,588.7040984045155,587.1294715954845,587.9582206098703,0.0
2025-05-13 22:30:00+00:00,587.92,588.0793,587.755,587.8807,1520325.0,59.00129509277252,0.665400304774721,0.8650129982882391,588.6989802440484,587.1741597559518,588.0820243537164,0.0
2025-05-13 22:40:00+00:00,587.9,587.94,587.4899,587.76,741931.0,57.056503676241334,0.5996159887459953,0.8119335963797903,588.6986982501855,587.1804417498145,588.1296460079235,0.0
2025-05-13 22:50:00+00:00,587.74,588.7,587.62,588.6,1161994.0,65.56367189990152,0.6082508865724776,0.7711970544183279,588.7768090827077,587.1553309172924,588.1630656964072,0.0
2025-05-13 23:00:00+00:00,588.59,588.62,588.23,588.31,988316.0,61.06597378274638,0.5849505827433177,0.7339477600833259,588.8118573506157,587.1722826493843,588.1787936253273,0.0
2025-05-13 23:10:00+00:00,588.32,588.96,588.27,588.64,995113.0,64.08523500093933,0.586354041763343,0.7044290164193293,588.891752674623,587.1913873253769,588.2130694736645,0.0
2025-05-13 23:20:00+00:00,588.63,588.745,588.27,588.45,1103612.0,61.145163924034,0.565614825419857,0.6766661782194349,588.8770341711065,587.3316058288935,588.2541917041701,0.0
2025-05-13 23:30:00+00:00,588.44,589.08,588.395,588.89,1682765.0,65.13432592467808,0.5780201137499716,0.6569369653255422,588.8805808070789,587.5110691929211,588.3231782971724,0.0
2025-05-13 23:40:00+00:00,588.89,588.93,588.08,588.15,2308270.0,54.92156385740127,0.522120893908891,0.6299737510422121,588.8640164596885,587.5734635403115,588.334136487671,0.0
2025-05-13 23:50:00+00:00,588.16,588.6,586.73,586.81,5986275.0,42.06075877566188,0.36548052629655103,0.5770751060930799,589.0477386593119,587.2702413406881,588.0588654518971,0.0
2025-05-14 00:00:00+00:00,586.81,587.01,586.43,586.49,1379339.0,39.67165277767381,0.21306450578777003,0.504272986032018,589.2212714859237,586.9257085140763,587.9307718626267,0.0
2025-05-14 00:10:00+00:00,586.49,587.1,586.46,586.53,3543279.0,40.1294427885742,0.09441304236020187,0.4223009972976548,589.3329392107271,586.671540789273,587.7341902294544,0.0
2025-05-14 00:20:00+00:00,586.58,586.71,586.39,586.49,206034.0,39.8041622682131,-0.0028143212067561763,0.3372779335967726,589.4187716190002,586.448708381,587.7166154587156,0.0
2025-05-14 00:30:00+00:00,586.51,586.71,586.51,586.71,42566.0,42.56183579715307,-0.0614076764662741,0.25754081158416325,589.4303691956521,586.2881108043479,587.698577746413,0.0
2025-05-14 00:40:00+00:00,586.75,586.75,586.5,586.66,36593.0,42.08989638094197,-0.11060295279253296,0.18391205870882402,589.4139921995805,586.1374878004193,587.6847714478766,0.0
2025-05-14 00:50:00+00:00,586.63,586.6997,586.54,586.6,27228.0,41.4952885595722,-0.1526721527313839,0.11659521642078244,589.3427963646941,586.007683635306,587.666754859347,0.0
2025-05-14 01:00:00+00:00,586.62,586.9998,586.58,586.6681,42883.0,42.48837925430109,-0.1784600198888029,0.05758416915886538,589.2321377271211,585.918152272879,587.6623331594107,0.0
2025-05-14 01:10:00+00:00,586.6,586.7,586.49,586.5,24721.0,40.65392923881802,-0.21004014350342004,0.00405930662640829,589.2167940976924,585.7915859023076,587.6200899897266,0.0
2025-05-14 01:20:00+00:00,586.49,586.49,586.42,586.4595,51662.0,40.20355640799679,-0.23561955495642906,-0.04387646569015918,589.1926208276006,585.6717091723992,587.5731756219576,0.0
2025-05-14 01:30:00+00:00,586.53,586.65,586.53,586.58,6472.0,42.253363799149696,-0.24336274563950155,-0.08377372168002765,589.1183901898918,585.5884398101081,587.5092278342869,0.0
2025-05-14 01:40:00+00:00,586.58,586.69,586.5509,586.69,4912.0,44.13597334997773,-0.23788105462892872,-0.11459518826980787,589.0629281027867,585.5239018972132,587.4385242920262,0.0
2025-05-14 01:50:00+00:00,586.69,586.8,586.6519,586.75,12455.0,45.1856868713353,-0.22608906247387495,-0.1368939631106213,588.9999656570894,585.4737943429107,587.2717548528457,0.0
2025-05-14 02:00:00+00:00,586.65,586.87,586.42,586.65,30784.0,43.711450221854804,-0.22225101662615998,-0.15396537381372905,588.9449856118744,585.4177743881256,587.044224004364,0.0
2025-05-14 02:10:00+00:00,586.631,586.85,586.63,586.8499,22214.0,47.405510967958584,-0.20076478678402054,-0.16332525640778736,588.7367856827017,585.4509643172984,586.6730328796534,0.0
2025-05-14 02:20:00+00:00,586.84,586.86,586.791,586.791,7648.0,46.43846086721152,-0.18634150372486147,-0.1679285058712022,588.5666782248023,585.4691717751977,586.6833899104583,0.0
2025-05-14 02:30:00+00:00,586.78,586.84,586.7,586.7,3511.0,44.91401229828652,-0.18017692008902486,-0.17037818871476673,588.2829053050473,585.558944694953,586.5932944353897,0.0
2025-05-14 02:40:00+00:00,586.76,586.8996,586.71,586.8996,3481.0,48.87812134534408,-0.15737131273817795,-0.16777681351944898,588.0110649803611,585.6757450196388,586.6370842256067,0.0
2025-05-14 02:50:00+00:00,586.78,586.78,586.78,586.78,616.0,46.709112163579206,-0.14725100711859795,-0.1636716522392788,587.4321691066176,586.0436408933825,586.6364375092666,0.0
2025-05-14 03:00:00+00:00,586.75,586.87,586.6,586.87,6774.0,48.559028387846325,-0.13046443140967767,-0.15703020807335857,586.9390578045069,586.4087521954931,586.6403668491189,0.0
2025-05-14 03:10:00+00:00,586.7307,587.0,586.7307,586.8,8644.0,47.18700433028734,-0.12140982729113148,-0.14990613191691315,586.9375652349671,586.4092447650329,586.6513699516852,0.0
2025-05-14 03:20:00+00:00,586.82,586.92,586.82,586.84,6285.0,48.08959898383186,-0.10974129326905313,-0.14187316418734117,586.9504795167342,586.4313304832659,586.6361827101484,0.0
2025-05-14 03:30:00+00:00,586.82,587.32,586.82,587.2401,12147.0,56.1603237362696,-0.06743185728851131,-0.1269849028075752,587.0691656789282,586.3836543210717,586.6798707986825,0.0
2025-05-14 03:40:00+00:00,587.24,587.3385,587.1437,587.3,5168.0,57.232376654340584,-0.0287366369927895,-0.10733524964461807,587.1737805143375,586.3600394856626,586.7907820096458,0.0
2025-05-14 03:50:00+00:00,587.27,587.35,587.21,587.26,8854.0,56.24328303421624,-0.0012832691030553178,-0.08612485353630553,587.2532110630297,586.3356089369705,586.832683412114,0.0
2025-05-14 12:00:00+00:00,587.46,587.57,586.84,586.84,14395.0,47.04896227088749,-0.01326386954156078,-0.07155265673735658,587.2583571347717,586.3484628652283,586.8644140494442,0.0
2025-05-14 12:10:00+00:00,586.84,587.37,586.84,587.16,7644.0,53.311422756255446,0.003027840878871757,-0.05663655721411092,587.301513239126,586.361306760874,586.8904980877935,0.0
2025-05-14 12:20:00+00:00,587.25,587.31,587.0,587.06,13966.0,51.270743077969314,0.007780288178310002,-0.04375318813562674,587.3249014504369,586.3771085495631,586.9791519771125,0.0
2025-05-14 12:30:00+00:00,587.01,587.15,587.01,587.1,1874.0,52.061214670404176,0.014605934487804006,-0.03208136361094059,587.3378820575729,586.424127942427,587.025685699341,0.0
2025-05-14 12:40:00+00:00,587.01,587.27,587.01,587.25,2592.0,55.008631969144325,0.03175302564784488,-0.0193144857591835,587.3611953063679,586.4798646936323,587.0466371734879,0.0
2025-05-14 12:50:00+00:00,587.4,587.57,587.09,587.09,4054.0,51.37985026159893,0.03206196572307363,-0.009039195462732075,587.3633270072216,586.5287329927785,587.0660956822877,0.0
2025-05-14 13:00:00+00:00,587.04,587.18,586.26,586.32,17225.0,38.289188826822105,-0.029485867160701673,-0.013128529802325995,587.4154236689856,586.4396363310145,586.998436670658,0.0
2025-05-14 13:10:00+00:00,586.4,586.59,586.34,586.5,4804.0,42.0087981638157,-0.06301210811341207,-0.023105245464543213,587.4323966323182,586.3976633676818,586.9777068880034,0.0
2025-05-14 13:20:00+00:00,586.56,587.06,586.56,586.93,10780.0,49.79403807357352,-0.054259025006672346,-0.02933600137296904,587.4319026202888,586.4261573797112,586.9773909785081,0.0
2025-05-14 13:30:00+00:00,587.0,587.08,586.63,586.63,5283.0,45.23167308590524,-0.07071448382612289,-0.037611697863599816,587.436714852063,586.3993551479368,586.9783813306568,0.0
2025-05-14 13:40:00+00:00,586.63,586.79,586.49,586.68,6630.0,46.11779097449986,-0.0788124702650066,-0.04585185234388117,587.4388025210235,586.3861674789766,586.9661556292023,0.0
2025-05-14 13:50:00+00:00,586.55,586.62,586.46,586.46,4794.0,42.83391209277827,-0.10180875627531805,-0.05704323313016855,587.455780140386,586.3451898596138,586.9280208137845,0.0
2025-05-14 14:00:00+00:00,586.46,586.46,586.19,586.19,6775.0,39.14948122230155,-0.1402040372660167,-0.07367539395733819,587.5008312354894,586.2291787645106,586.8723100513662,0.0
2025-05-14 14:10:00+00:00,586.25,586.35,586.2,586.35,4137.0,42.31597839157895,-0.1559245105519267,-0.09012521727625589,587.5173201539827,586.1696898460174,586.8159199832306,0.0
2025-05-14 14:20:00+00:00,586.48,586.89,586.48,586.89,7130.0,51.4907957929275,-0.12338728010024624,-0.09677762984105397,587.5185337988927,586.1704762011074,586.7719467420086,0.0
2025-05-14 14:30:00+00:00,586.82,587.2,586.79,587.09,12182.0,54.38463234266255,-0.0805346091752881,-0.0935290257079008,587.5410103091705,586.1769996908296,586.7760259294765,0.0
2025-05-14 14:40:00+00:00,587.19,587.19,586.86,586.86,7261.0,50.64307473196239,-0.06439038427208743,-0.08770129742073812,587.5419545595253,586.1780554404747,586.7399914503966,0.0
2025-05-14 14:50:00+00:00,586.84,587.06,586.75,587.01,6461.0,52.91806053483916,-0.03904216949865713,-0.07796947183632193,587.5119236955647,586.1850763044354,586.746410376793,0.0
2025-05-14 15:00:00+00:00,587.01,587.78,586.99,587.78,46507.0,62.47879963198508,0.042686969363785465,-0.05383818359630045,587.6278773890159,586.117122610984,586.9873933098648,0.0
2025-05-14 15:10:00+00:00,587.76,588.11,587.64,588.11,35609.0,65.69404779376353,0.13255809560223497,-0.016558927756593365,587.8313078084553,585.9986921915446,587.1772323032119,0.0
2025-05-14 15:20:00+00:00,588.13,588.51,587.9,588.51,97930.0,69.14539392089094,0.23336814498441072,0.03342648679160745,588.1471561712871,585.849843828713,587.648500394746,0.0
2025-05-14 15:30:00+00:00,588.52,588.8,588.35,588.49,91073.0,68.77283868099407,0.3080954697712741,0.08836028338754079,588.3846287356054,585.7453712643947,587.9037264220713,0.0
2025-05-14 15:40:00+00:00,588.42,588.44,588.07,588.27,58110.0,64.64663454392493,0.34558160207120636,0.1398045471242739,588.5457742692292,585.7052257307707,587.9859621458116,0.0
2025-05-14 15:50:00+00:00,588.24,588.3,587.83,588.11,43361.0,61.74516063588707,0.3582492943054376,0.18349349656050665,588.6594743003619,585.6925256996379,588.0103772159392,0.0
2025-05-14 16:00:00+00:00,587.74,588.7799,586.8096,588.04,113669.0,60.4665143443121,0.35850746577887094,0.2184962904041795,588.7460747286017,585.6849252713984,587.99875011324,0.0
2025-05-14 16:10:00+00:00,588.06,588.46,588.06,588.41,41838.0,64.63526804437103,0.38413985122645045,0.2516250025686337,588.8962603536853,585.6667396463148,588.0339627822267,0.0
2025-05-14 16:20:00+00:00,588.36,588.67,588.3305,588.5099,78689.0,65.68733652012965,0.4078137731443121,0.28286275668376937,589.0269629831014,585.7550270168986,588.1097875484958,0.0
2025-05-14 16:30:00+00:00,588.53,588.88,588.19,588.34,108546.0,62.29321819269126,0.40816099090739044,0.3079224035284936,589.1151355949648,585.8508544050351,588.1720387889973,0.0
2025-05-14 16:40:00+00:00,588.27,588.3,587.86,587.93,86622.0,54.91859394212287,0.37107506760594333,0.3205529363439836,589.1555500596919,585.9104399403079,588.1693954442669,0.0
2025-05-14 16:50:00+00:00,587.87,588.2,587.87,588.0,33915.0,55.87897500747156,0.3433744146763047,0.32511723201044784,589.1808792666468,586.0221107333532,588.1799499645908,0.0
2025-05-14 17:00:00+00:00,587.97,588.02,587.62,587.79,64601.0,52.28070685527384,0.3010063884246392,0.32029506329328616,589.1799558930406,586.1340341069595,588.1632853109737,0.0
2025-05-14 17:10:00+00:00,587.84,588.35,587.84,588.2298,94514.0,58.332245415982364,0.29946555431376964,0.31612916149738285,589.1832435572447,586.3077264427553,588.1690105865354,0.0
2025-05-14 17:20:00+00:00,588.22,588.25,587.77,587.8101,116594.0,51.606442289654005,0.26136529335144587,0.30517638786819545,589.0746208951508,586.5783591048493,588.1727942136253,0.0
2025-05-14 17:30:00+00:00,587.81,588.98,587.81,588.3,2612887.0,57.73267356411962,0.267616481562186,0.29766440660699356,588.9863663605377,586.8616136394623,588.3116254929351,0.0
2025-05-14 17:40:00+00:00,588.31,588.43,586.46,586.97,2084733.0,42.1371520719106,0.1633675095727085,0.27080502720013655,588.9752587579744,586.8807212420256,587.9321225285621,0.0
2025-05-14 17:50:00+00:00,586.98,587.57,586.475,587.5308,1874843.0,48.459364033069704,0.12456540890218548,0.24155710354054635,588.9429727658375,586.9570872341625,587.7373670853455,0.0
2025-05-14 18:00:00+00:00,587.54,587.8175,586.72,587.14,1778931.0,44.786947420937715,0.06157042508448285,0.20555976784933366,588.9014455835215,587.0266144164784,587.6344132965569,0.0
2025-05-14 18:10:00+00:00,587.1333,587.47,586.39,587.02,1563415.0,43.692014099791294,0.001941073944180971,0.16483602906830314,588.8999180778741,587.0291419221259,587.5336314861765,0.0
2025-05-14 18:20:00+00:00,587.02,587.56,586.7401,587.52,1042220.0,49.25840574398704,-0.0049131592733147045,0.13088619139997956,588.9038881134369,586.9991718865632,587.506847044776,0.0
2025-05-14 18:30:00+00:00,587.49,587.91,587.13,587.31,1181866.0,47.150161493413165,-0.026979431346603633,0.09931306685066293,588.9004059154865,586.9226540845134,587.4989249473028,0.0
2025-05-14 18:40:00+00:00,587.28,587.53,586.85,587.39,907771.0,48.06213050072851,-0.03757859685879339,0.07193473410877167,588.8292327350429,586.8818272649572,587.4768637473178,0.0
2025-05-14 18:50:00+00:00,587.4,587.85,587.32,587.54,932110.0,49.810896918613665,-0.03348872827871219,0.050850041631274906,588.7452991268947,586.8707608731052,587.4754037331909,0.0
2025-05-14 19:00:00+00:00,587.54,587.62,585.8,586.62,1905095.0,40.74854314654233,-0.10329309074984394,0.020021415155051136,588.769966793794,586.6810932062059,587.3788612688923,0.0
2025-05-14 19:10:00+00:00,586.6192,587.2,586.48,587.0,1007430.0,45.18462444414495,-0.12649259877423447,-0.009281387630805986,588.7443868011751,586.5956731988249,587.3490953004338,0.0
2025-05-14 19:20:00+00:00,586.98,588.1,586.91,587.86,1291491.0,53.643467126433116,-0.07462335179877755,-0.0223497804644003,588.7258119946971,586.5962480053029,587.3667316389401,0.0
2025-05-14 19:30:00+00:00,587.8599,588.35,587.74,588.245,1084487.0,56.853442265215335,-0.002422393606593687,-0.018364303092838978,588.6965718500502,586.6089881499498,587.4046391287627,0.0
2025-05-14 19:40:00+00:00,588.24,588.27,587.83,587.8799,1188648.0,53.09845560302324,0.025048127981108337,-0.009681816878049516,588.5954043176472,586.647155682353,587.4357742696302,0.0
2025-05-14 19:50:00+00:00,587.87,588.2,587.705,588.0002,737066.0,54.17248560769921,0.05588174884917407,0.003430896267395203,588.5387245517111,586.6698554482889,587.3264623688962,0.0
2025-05-14 20:00:00+00:00,588.0,588.545,587.86,588.32,742064.0,56.99201046299054,0.10491342618058752,0.02372740225003367,588.5999445428012,586.6476354571988,587.370674485565,0.0
2025-05-14 20:10:00+00:00,588.33,588.42,587.85,587.86,608176.0,52.033025831347246,0.10543780669740954,0.040069483139508845,588.5840200302573,586.6495599697428,587.4172725246998,0.0
2025-05-14 20:20:00+00:00,587.87,588.12,587.69,587.915,572138.0,52.56448747143918,0.10903454007438995,0.05386249452648507,588.5962630892408,586.6498169107591,587.4593690181491,0.0
2025-05-14 20:30:00+00:00,587.93,588.5651,587.63,587.705,795462.0,50.27406855572005,0.09385779796150473,0.061861555213489,588.5306741777305,586.6629258222696,587.5439847297965,0.0
2025-05-14 20:40:00+00:00,587.715,587.775,587.1,587.3851,986083.0,46.92008516237001,0.05537849518987059,0.06056494320876532,588.5083837096352,586.6427162903647,587.5554494707143,0.0
2025-05-14 20:50:00+00:00,587.38,587.755,587.32,587.4601,559777.0,47.79935953050485,0.030582705323809023,0.054568495631774065,588.405807595142,586.6613024048579,587.5629685212875,0.0
2025-05-14 21:00:00+00:00,587.47,587.51,587.04,587.365,780283.0,46.7420410928573,0.0032209587868692324,0.044298988262793104,588.390817775862,586.715792224138,587.5687882093142,0.0
2025-05-14 21:10:00+00:00,587.37,587.38,586.31,586.7299,1666876.0,40.32666253583618,-0.06891626096478376,0.021655938417277733,588.4245838202924,586.6019361797075,587.4774747261224,0.0
2025-05-14 21:20:00+00:00,586.72,587.03,585.535,586.33,1637667.0,36.89303651280479,-0.1565495099329155,-0.013985151252760914,588.5101154576096,586.4354045423902,587.4473248911037,0.0
2025-05-14 21:30:00+00:00,586.32,586.9051,586.23,586.8395,826430.0,43.494345865156795,-0.18278012368364216,-0.04774414573893716,588.5196639109276,586.4078060890724,587.4403462441353,0.0
2025-05-14 21:40:00+00:00,586.82,587.14,586.54,586.8179,937171.0,43.287612449363984,-0.20297128689367128,-0.078789573969884,588.520803905673,586.336456094327,587.3789351061768,0.0
2025-05-14 21:50:00+00:00,586.81,587.42,586.8,587.3355,773544.0,49.48391686586028,-0.1751874827203892,-0.09806915571998504,588.5215813997326,586.3382286002676,587.3052095670869,0.0
2025-05-14 22:00:00+00:00,587.34,587.695,587.08,587.36,795795.0,49.763704759669274,-0.14946869047389555,-0.10834906267076715,588.5203790023155,586.3364309976845,587.2440343984485,0.0
2025-05-14 22:10:00+00:00,587.37,587.58,586.89,587.54,941292.0,51.872729086763314,-0.11325631830948168,-0.10933051379851005,588.5203790023155,586.3364309976845,587.2086450450712,0.0
2025-05-14 22:20:00+00:00,587.52,587.54,586.575,586.86,760461.0,44.305413141058835,-0.13783914560747235,-0.11503224016030252,588.5014159998171,586.379394000183,587.1349514821628,0.0
2025-05-14 22:30:00+00:00,586.87,588.22,586.85,587.58,1499589.0,52.248637106088516,-0.09809248157466754,-0.11164428844317553,588.512231151251,586.4265788487492,587.1401202092734,0.0
2025-05-14 22:40:00+00:00,587.58,587.91,587.43,587.6,817374.0,52.45150009685108,-0.06423862819769965,-0.10216315639408036,588.485826440292,586.4269835597082,587.1382704212876,0.0
2025-05-14 22:50:00+00:00,587.61,587.88,587.4,587.625,911108.0,52.72187847673138,-0.03498858776617908,-0.0887282426685001,588.3934819296564,586.4573280703437,587.1234137833368,0.0
2025-05-14 23:00:00+00:00,587.62,587.65,587.02,587.2808,1104258.0,48.622413377955176,-0.03913070893497661,-0.07880873592179541,588.3422618682364,586.4486381317636,587.11779016834,0.0
2025-05-14 23:10:00+00:00,587.2891,587.8,587.28,587.485,1420598.0,51.05396444019963,-0.025640567868549624,-0.06817510231114625,588.2764742805394,586.4629057194605,587.1415417746281,0.0
2025-05-14 23:20:00+00:00,587.45,587.56,586.4702,587.005,1563415.0,45.59177927519083,-0.05306976711437983,-0.06515403527179296,588.1107531267115,586.4971268732885,587.1204318457123,0.0
2025-05-14 23:30:00+00:00,587.0,587.3,586.63,586.79,1701867.0,43.35433914426741,-0.09110609396373093,-0.07034444701018056,588.0444706930053,586.4564093069947,587.1305821025419,0.0
2025-05-14 23:40:00+00:00,586.78,587.1,586.39,586.93,2406454.0,45.23890477510037,-0.10870029768943823,-0.0780156171460321,587.9448235464696,586.4575564535304,587.1660305580466,0.0
2025-05-14 23:50:00+00:00,586.95,588.14,586.95,587.56,9160889.0,52.8421019771911,-0.07098977015039054,-0.07661044774690379,587.9204141023843,586.4674658976157,587.324827735698,0.0
2025-05-15 00:00:00+00:00,587.52,587.65,587.15,587.58,1668480.0,53.064892174877585,-0.03904004321634602,-0.06909636684079223,587.9452271747513,586.4621428252486,587.351734658454,0.0
2025-05-15 00:10:00+00:00,587.59,587.66,587.25,587.46,4180395.0,51.49298940584752,-0.02313595467023788,-0.059904284406681364,587.9452152602776,586.4621447397226,587.3713498044337,0.0
2025-05-15 00:20:00+00:00,587.5,587.52,587.28,587.4696,132472.0,51.61646770384404,-0.00964601686723654,-0.049852630898792404,587.9563743746928,586.4614456253073,587.3713961894446,0.0
2025-05-15 00:30:00+00:00,587.4,587.45,587.28,587.34,82608.0,49.77437946277613,-0.009305512698233542,-0.04174320725868064,587.9553253106776,586.5235046893224,587.3725444522056,0.0
2025-05-15 00:40:00+00:00,587.34,587.65,587.3,587.3,1069746.0,49.190872094319595,-0.012123573389771991,-0.03581928048489891,587.8696757351258,586.7061542648744,587.3846963765053,0.0
2025-05-15 00:50:00+00:00,587.25,587.35,587.1001,587.14,46405.0,46.82618365030184,-0.02695682808098354,-0.03404679000411583,587.8522150835728,586.7536649164273,587.3749266821021,0.0
2025-05-15 01:00:00+00:00,587.07,587.24,587.07,587.2,15874.0,47.83881829071911,-0.03348479881537969,-0.03393439176636861,587.8273267844864,586.8167632155138,587.3660764948362,0.0
2025-05-15 01:10:00+00:00,587.16,587.2,587.07,587.07,6154.0,45.80350868943308,-0.048588083022423234,-0.03686513001757954,587.8257554042755,586.7917845957245,587.356036690126,0.0
2025-05-15 01:20:00+00:00,587.1195,587.1195,586.82,586.86,20779.0,42.64705304906381,-0.0766195668538785,-0.044816017384839334,587.8356104735375,586.7319295264625,587.3575017258689,0.0
2025-05-15 01:30:00+00:00,586.83,586.83,586.65,586.68,17206.0,40.09643958957641,-0.1120673725126835,-0.05826628841040817,587.8381884364703,586.6433515635297,587.3464391574242,0.0
2025-05-15 01:40:00+00:00,586.7,586.7,586.6,586.66,6704.0,39.811530263244094,-0.1401581903649003,-0.0746446688013066,587.8592366962016,586.6023033037982,587.3717187777352,0.0
2025-05-15 01:50:00+00:00,586.6,586.76,586.58,586.7,27285.0,40.71879196700281,-0.1573785383645827,-0.09119144271396183,587.8342091309113,586.5393308690888,587.4127232255486,0.0
2025-05-15 02:00:00+00:00,586.67,586.86,586.57,586.77,60049.0,42.356338203035726,-0.1634927308045917,-0.10565170033208782,587.7878243309601,586.5027156690398,587.4986672445411,0.0
2025-05-15 02:10:00+00:00,586.749,586.749,586.59,586.6,4632.0,39.502455107965616,-0.17998114105466811,-0.12051758847660388,587.7388498366516,586.4491901633484,587.4340514495511,0.0
2025-05-15 02:20:00+00:00,586.6,586.7301,586.6,586.72,3311.0,42.45012705821357,-0.18127569448643044,-0.1326692096785692,587.7245097185676,586.4074502814326,587.4259824997855,0.0
2025-05-15 02:30:00+00:00,586.6517,586.7,586.62,586.64,1652.0,41.015360148407886,-0.18660589225225976,-0.14345654619330733,587.6777157645522,586.3697442354478,587.3393209522255,0.0
2025-05-15 02:40:00+00:00,586.63,586.7,586.522,586.6804,7640.0,42.08001023894919,-0.18543261822537715,-0.1518517605997213,587.6784311915817,586.3365688084184,587.3272780933229,0.0
2025-05-15 02:50:00+00:00,586.75,586.75,586.64,586.65,1772.0,41.473393434634374,-0.18482526543255062,-0.15844646156628717,587.6831804990896,586.3178195009103,587.3245053015971,0.0
2025-05-15 03:00:00+00:00,586.68,586.69,586.21,586.24,18588.0,34.293125843040016,-0.2149497011027961,-0.16974710947358895,587.7249266524755,586.2070733475246,586.8366026413107,0.0
2025-05-15 03:10:00+00:00,586.32,586.32,586.111,586.2599,8664.0,34.88240800297116,-0.23451443331055088,-0.18270057424098135,587.6679469579076,586.1340430420923,586.7269559735743,0.0
2025-05-15 03:20:00+00:00,586.2,586.25,585.81,585.9,82568.0,29.69541828764214,-0.2758803695609231,-0.2013365333049697,587.6344177460373,585.9995722539627,586.4716898038981,0.0
2025-05-15 03:30:00+00:00,585.86,585.89,585.72,585.87,49003.0,29.30425000656456,-0.30753880543159084,-0.22257698773029394,587.597476258947,585.8775137410529,586.3569362172815,0.0
2025-05-15 03:40:00+00:00,585.87,586.0798,585.8699,586.04,20621.0,34.56442797361082,-0.31527645398625737,-0.24111688098148665,587.508175621818,585.823854378182,586.2942788511276,0.0
2025-05-15 03:50:00+00:00,586.1,586.2,586.0,586.13,35520.0,37.227334802547254,-0.3105663330079551,-0.25500677138678035,587.4186599888806,585.7923700111194,586.2519917709575,0.0
2025-05-15 12:00:00+00:00,584.88,584.92,584.39,584.66,66565.0,21.696573837912823,-0.4206018070790378,-0.28812577852523186,587.5924665686315,585.3545634313683,585.9712703710006,0.0
2025-05-15 12:10:00+00:00,584.63,584.94,584.49,584.94,11892.0,27.869290916609955,-0.47968257101410927,-0.32643713702300736,587.6225407395876,585.1044892604124,585.8816397221842,0.0
2025-05-15 12:20:00+00:00,584.78,584.97,584.69,584.88,4757.0,27.371359106476092,-0.5252907755671004,-0.366207864731826,587.6008603856815,584.8941696143183,585.7048762671626,0.0
2025-05-15 12:30:00+00:00,584.8,584.81,584.16,584.19,17642.0,22.41217266285942,-0.6100802147403783,-0.41498233473353646,587.6719463861139,584.5350836138862,585.6212387714331,0.0
2025-05-15 12:40:00+00:00,584.14,584.4,583.91,583.95,13865.0,20.987787115720153,-0.6887035050926897,-0.4697265688053671,587.7436150316275,584.1724149683723,585.548476862539,0.0
2025-05-15 12:50:00+00:00,583.85,583.86,583.52,583.73,11155.0,19.74876337616749,-0.7600043336582303,-0.5277821217759397,587.8079884473705,583.8130415526296,585.4845006426802,0.0
2025-05-15 13:00:00+00:00,583.66,583.87,583.45,583.7,10568.0,19.579022189915662,-0.8095989505269472,-0.5841454875261413,587.8186258350343,583.5064041649659,585.4054372475791,0.0
2025-05-15 13:10:00+00:00,583.53,583.79,583.4,583.79,7943.0,21.751859891895606,-0.8320494457884706,-0.6337262791786071,587.7642622923453,583.2697677076548,585.3605715501001,0.0
2025-05-15 13:20:00+00:00,583.77,584.3,583.69,584.29,9963.0,32.64039917352045,-0.8002707803005933,-0.6670351794030044,587.6236506208387,583.1623793791613,585.2705450611018,0.0
2025-05-15 13:30:00+00:00,584.29,584.5,584.03,584.41,8597.0,34.978943185069795,-0.7566804209548081,-0.6849642277133652,587.4811672502334,583.0858627497665,585.2233639934142,0.0
2025-05-15 13:40:00+00:00,584.38,584.55,584.36,584.55,3261.0,37.69656792189323,-0.7027372001459753,-0.6885188221998872,587.2910247903736,583.0590052096264,584.9822500708797,0.0
2025-05-15 13:50:00+00:00,584.64,584.82,584.59,584.8,5050.0,42.33177067861456,-0.6325225718752563,-0.6773195721349611,587.093620001724,583.0724099982758,584.7948299738932,0.0
2025-05-15 14:00:00+00:00,584.63,584.63,584.36,584.46,3959.0,38.172381026768946,-0.5974253836645858,-0.661340734440886,586.8589323285191,583.0850576714809,584.6713859296975,0.0
2025-05-15 14:10:00+00:00,584.43,584.53,584.26,584.49,3273.0,38.744302865192,-0.5607261577597455,-0.6412178191046579,586.5952373752208,583.1327526247791,584.3806103236409,0.0
2025-05-15 14:20:00+00:00,584.37,584.58,584.22,584.54,9249.0,39.744723576973875,-0.5215945573185081,-0.617293166747428,586.3947353138379,583.1632546861621,584.2340051496196,0.0
2025-05-15 14:30:00+00:00,584.52,584.57,584.45,584.45,9155.0,38.525069132361764,-0.49217128566442625,-0.5922687905308276,586.1584969387254,583.2185030612745,584.1979669360081,0.0
2025-05-15 14:40:00+00:00,584.46,584.56,584.35,584.44,16542.0,38.38412366123319,-0.4643077960702158,-0.5666765916387052,585.9787237526771,583.2522762473229,584.2062855482689,0.0
2025-05-15 14:50:00+00:00,584.46,584.75,584.31,584.56,19220.0,41.165780945801174,-0.4276135202221667,-0.5388639773553976,585.7857507838814,583.3142492161185,584.2308053363682,0.0
2025-05-15 15:00:00+00:00,584.57,584.96,584.48,584.8,25068.0,46.37959743321784,-0.37484605600809573,-0.5060603930859372,585.5273190077471,583.448680992253,584.3352094012013,0.0
2025-05-15 15:10:00+00:00,584.85,585.0,584.72,584.8,58540.0,46.37959743321784,-0.3292322757149577,-0.47069476961174134,585.1582027893697,583.6847972106303,584.5274432562277,0.0
2025-05-15 15:20:00+00:00,584.8,585.39,584.8,585.35,38905.0,56.60130082567629,-0.2458684048218629,-0.4257294966537657,585.2920717671735,583.6199282328265,584.6847821693907,0.0
2025-05-15 15:30:00+00:00,585.4,585.56,585.27,585.29,20450.0,55.3614375194063,-0.18253923640349967,-0.3770914446037125,585.3623481309337,583.5846518690662,584.7808792324016,0.0
2025-05-15 15:40:00+00:00,585.27,585.339,585.0,585.19,19171.0,53.2671315137751,-0.13881935531890122,-0.3294370267467503,585.4156693044795,583.5623306955206,584.8408994884378,0.0
2025-05-15 15:50:00+00:00,585.1,585.2,584.94,585.08,19703.0,50.98242390608635,-0.11175882905240542,-0.28590138720788133,585.4836426208017,583.5833573791983,584.8771359234495,0.0
2025-05-15 16:00:00+00:00,584.56,586.48,584.0596,584.9,111748.0,47.39971478535832,-0.10364293150394133,-0.24944969606709333,585.5043179300021,583.6576820699977,584.964288884445,0.0
2025-05-15 16:10:00+00:00,584.91,584.93,584.69,584.82,48803.0,45.857298158809556,-0.10248497266684353,-0.2200567513870434,585.4764631382308,583.7945368617692,584.9488906498327,0.0
2025-05-15 16:20:00+00:00,584.84,584.93,584.53,584.72,70472.0,43.932833752669524,-0.10838702802038824,-0.19772280671371237,585.4098332564333,583.9631667435667,584.9195105594526,0.0
2025-05-15 16:30:00+00:00,584.6,586.13,584.19,585.66,480762.0,60.649892804830394,-0.03679021067046051,-0.165536287505062,585.4990549352179,584.060945064782,585.1277409469207,0.0
2025-05-15 16:40:00+00:00,585.69,586.48,585.25,585.25,363979.0,53.19919397375725,-0.012983129149347405,-0.1350256558339191,585.5379183050611,584.1180816949388,585.2813130080351,0.0
2025-05-15 16:50:00+00:00,585.28,585.5,584.98,585.38,204099.0,55.083356847405874,0.016187468955877193,-0.10478303087595985,585.5980060636338,584.1549939363662,585.2868805262505,0.0
2025-05-15 17:00:00+00:00,585.39,586.03,585.21,585.91,173855.0,61.830220862314526,0.0811366558592681,-0.06759909352891426,585.7777940656572,584.1112059343427,585.3404008822549,0.0
2025-05-15 17:10:00+00:00,585.9,585.96,585.53,585.6,114374.0,56.48575721071838,0.10636879197033977,-0.03280551642906345,585.8618477075021,584.107152292498,585.3724771823695,0.0
2025-05-15 17:20:00+00:00,585.59,585.7,585.31,585.58,206273.0,56.14855153775182,0.12332993801783232,-0.001578425539684298,585.9197604846452,584.1612395153547,585.3974265241391,0.0
2025-05-15 17:30:00+00:00,585.56,586.4699,585.52,585.78,2597928.0,58.797446473184536,0.15116753178142517,0.0289707659245376,586.0023405149985,584.2076594850015,585.71032358093,0.0
2025-05-15 17:40:00+00:00,585.78,586.31,585.0969,585.37,2051483.0,51.87896703604903,0.13854835274401012,0.0508862832884321,586.0116768604496,584.2813231395505,585.676159194917,0.0
2025-05-15 17:50:00+00:00,585.36,586.21,585.14,586.14,1483596.0,61.12945032615031,0.188507134378483,0.07841045350644228,586.1367350605207,584.3252649394793,585.7056612254264,0.0
2025-05-15 18:00:00+00:00,586.13,587.13,586.1,586.24,1861644.0,62.1471554500972,0.23347760848662347,0.10942388450247853,586.251825440056,584.3901745599441,585.8558654879731,0.0
2025-05-15 18:10:00+00:00,586.23,586.56,585.55,586.5,1515581.0,64.73258627811342,0.28679091317553684,0.1448972902370902,586.4134817928292,584.4225182071708,585.9038985631091,0.0
2025-05-15 18:20:00+00:00,586.49,586.69,585.8,585.89,1124662.0,55.205540755829055,0.276631355160589,0.17124410322178996,586.4457805350224,584.4992194649775,585.9311539053145,0.0
2025-05-15 18:30:00+00:00,585.87,585.98,585.31,585.75,1439222.0,53.267854880614045,0.25435100224103735,0.18786548302563943,586.449085571868,584.590914428132,585.9087317254423,0.0
2025-05-15 18:40:00+00:00,585.74,586.33,585.72,585.8693,1144862.0,54.72614935548129,0.24351310747795196,0.19899500791610195,586.4835818582918,584.6083481417082,585.9193665904478,0.0
2025-05-15 18:50:00+00:00,585.86,586.64,585.635,586.64,1069203.0,62.801853695831845,0.29372714311966774,0.21794143495681512,586.6561438925418,584.5707861074583,585.9647889639152,0.0
2025-05-15 19:00:00+00:00,586.64,587.47,586.48,587.15,1719651.0,66.99707529387965,0.37040506684900265,0.24843416133525265,586.930106338931,584.4928236610692,586.0814182991963,0.0
2025-05-15 19:10:00+00:00,587.16,588.28,587.15,588.1354,2127431.0,73.26987783158754,0.5048666302626543,0.299720655120733,587.4412811594226,584.2871888405774,586.2926750897269,0.0
2025-05-15 19:20:00+00:00,588.14,588.91,587.97,588.35,2790264.0,74.41057800438148,0.6215796314526187,0.36409245038711013,587.8854927691378,584.1879772308622,586.5754571764137,0.0
2025-05-15 19:30:00+00:00,588.37,588.58,588.0649,588.575,883155.0,75.58691229963647,0.7238866308869092,0.43605128648707,588.2907313717925,584.1582386282074,586.6534824626168,0.0
2025-05-15 19:40:00+00:00,588.59,589.42,588.59,589.02,1533209.0,77.76406026979552,0.8312908426272543,0.5150991977151068,588.7186865858505,584.1602834141495,586.8181982517098,0.0
2025-05-15 19:50:00+00:00,589.0201,589.1,588.61,589.08,913377.0,78.04831585300154,0.9107523664395103,0.5942298314599875,589.1305525365834,584.0904174634164,587.0146098318352,0.0
2025-05-15 20:00:00+00:00,589.09,590.1,588.865,589.8851,2819207.0,81.47114590597583,1.0268541031421137,0.6807546857964127,589.6547718951862,584.0297081048137,587.4718515706978,0.0
2025-05-15 20:10:00+00:00,589.88,589.88,589.1,589.27,1899956.0,72.20752953391266,1.057047154938914,0.756013179624913,589.9539628611194,584.1195171388806,587.7402633620711,0.0
2025-05-15 20:20:00+00:00,589.2898,589.31,588.7713,589.17,791527.0,70.7981193201646,1.0606793504498455,0.8169464137898995,590.2097506746383,584.1897293253618,587.8960171910257,0.0
2025-05-15 20:30:00+00:00,589.16,589.645,588.83,589.51,939472.0,72.74594319628181,1.078560080830698,0.8692691471980593,590.4714243087557,584.3190556912444,588.080541081983,0.0
2025-05-15 20:40:00+00:00,589.51,590.015,589.325,590.01,967556.0,75.34989752445082,1.1201639569885629,0.91944810915616,590.7750679787622,584.4584120212379,588.2633045743771,0.0
2025-05-15 20:50:00+00:00,590.02,590.2,589.74,590.17,887009.0,76.13565126033367,1.1527577180013395,0.966110030925196,591.0629130825154,584.6095669174846,588.5215769634831,0.0
2025-05-15 21:00:00+00:00,590.1875,590.67,590.0499,590.2,1168458.0,76.28827316324765,1.1675504627492046,1.0063981172899978,591.2525052671382,584.9029747328619,588.7655333704203,0.0
2025-05-15 21:10:00+00:00,590.205,590.64,590.015,590.61,849239.0,78.32817834274474,1.1985413543579853,1.0448267647035954,591.5278212218856,585.0746587781144,588.9645161179899,0.0
2025-05-15 21:20:00+00:00,590.6176,590.97,590.42,590.685,1230685.0,78.68934339410964,1.2151462824919008,1.0788906682612565,591.7638551663697,585.2831248336302,589.2395862577167,0.0
2025-05-15 21:30:00+00:00,590.68,590.69,589.8299,590.2,1174276.0,70.50649365357411,1.17561856199859,1.0982362470087232,591.8875309263519,585.529449073648,589.4581868583555,0.0
2025-05-15 21:40:00+00:00,590.1807,590.56,590.01,590.15,809839.0,69.70177248422162,1.1272635836975269,1.104041714346484,591.8798067936207,585.9631732063792,589.6691234927148,0.0
2025-05-15 21:50:00+00:00,590.12,590.3807,589.73,589.8999,1044203.0,65.6646115768703,1.0565813233910148,1.0945496361553901,591.7288328826495,586.5291371173506,589.7551092301883,0.0
2025-05-15 22:00:00+00:00,589.895,589.94,589.34,589.58,1204572.0,60.81271161679362,0.9636435829983157,1.0683684255239754,591.4445645333878,587.1844754666122,589.8137736606485,0.0
2025-05-15 22:10:00+00:00,589.57,589.7,588.81,588.84,1130238.0,51.359058276449495,0.8208160817447379,1.018857956768128,591.1860852455172,587.6629547544828,589.8149158603102,0.0
2025-05-15 22:20:00+00:00,588.84,589.51,588.69,589.5099,1248397.0,57.76061799162903,0.7529994801159319,0.9656862614376888,590.9617368068058,588.1232931931942,589.8042863332901,0.0
2025-05-15 22:30:00+00:00,589.5,590.33,589.41,590.08,1265367.0,62.30704066567185,0.736763687043549,0.9199017465588608,590.9196509909667,588.3598390090334,589.866022306905,0.0
2025-05-15 22:40:00+00:00,590.0786,590.32,589.64,589.93,778942.0,60.463015028773526,0.7036813570063032,0.8766576686483494,590.8577605862461,588.5797294137537,589.9133052122747,0.0
2025-05-15 22:50:00+00:00,589.92,590.01,589.57,589.72,905251.0,57.8803180298023,0.6529908550454593,0.8319243059277714,590.7872398000911,588.764750199909,589.9417298645807,0.0
2025-05-15 23:00:00+00:00,589.73,590.3,589.41,589.48,1353197.0,54.98937791723451,0.5866892839360389,0.782877301529425,590.7600969538587,588.8378930461413,589.9328755390832,0.0
2025-05-15 23:10:00+00:00,589.46,590.14,589.3,589.85,992066.0,58.43605146077301,0.5575733603154731,0.7378165132866347,590.740222813746,588.934767186254,589.9157019753062,0.0
2025-05-15 23:20:00+00:00,589.845,589.88,588.305,588.77,2434610.0,47.09892807587594,0.44225378072303556,0.6787039667739149,590.7965990510072,588.7668809489928,589.7498958262311,0.0
2025-05-15 23:30:00+00:00,588.75,589.55,588.74,589.03,1952093.0,49.63235249979405,0.36760449436746967,0.6164840722926258,590.8137754081214,588.7257045918785,589.6456864763218,0.0
2025-05-15 23:40:00+00:00,589.03,589.695,588.98,589.37,1761381.0,52.81465093745278,0.33205186836960365,0.5595976315080214,590.8042548771059,588.7552251228942,589.5453773496262,0.0
2025-05-15 23:50:00+00:00,589.41,590.44,589.16,590.41,8024127.0,60.9433854563299,0.3833761429482365,0.5243533337960645,590.8766070702188,588.7728729297812,589.6601791854719,0.0
2025-05-16 00:00:00+00:00,590.41,590.72,589.93,590.26,2287696.0,59.355143266228254,0.40725269832523736,0.5009332067018991,590.9034601148969,588.7710198851032,589.698151073379,0.0
2025-05-16 00:10:00+00:00,590.23,590.45,590.19,590.29,3054768.0,59.58201453242674,0.4237115072579627,0.4854888668131119,590.918197586796,588.7682824132038,589.7527487402756,0.0
2025-05-16 00:20:00+00:00,590.34,590.51,590.15,590.2,130025.0,58.526575981969486,0.424598477136783,0.4733107888778461,590.918197586796,588.7682824132038,589.761143453197,0.0
2025-05-16 00:30:00+00:00,590.21,590.34,590.17,590.31,108279.0,59.47153459664868,0.4292295962482058,0.46449455035191806,590.8677699963978,588.7887100036023,589.7909527637473,0.0
2025-05-16 00:40:00+00:00,590.27,590.38,590.22,590.29,34838.0,59.20739055937599,0.42637101895661544,0.4568698440728576,590.7958598817622,588.821120118238,589.8192443939314,0.0
2025-05-16 00:50:00+00:00,590.28,590.3096,590.0,590.0,27320.0,55.36733116268372,0.3961385607486818,0.4447235874080224,590.7737737963439,588.8232062036561,589.8131615687045,0.0
2025-05-16 01:00:00+00:00,590.05,590.05,590.02,590.03,25502.0,55.687512556379026,0.3703309247082416,0.4298450548680663,590.760499299238,588.8244807007621,589.8083389305997,0.0
2025-05-16 01:10:00+00:00,590.01,590.1,589.98,590.1,8139.0,56.47215512876747,0.3514750169875924,0.4141710472919715,590.7788385367282,588.8261514632718,589.8101309489185,0.0
2025-05-16 01:20:00+00:00,590.12,590.2,590.0,590.0543,11116.0,55.777755284926705,0.3290508725684731,0.39714701234727184,590.8028252995989,588.849594700401,589.8154774875807,0.0
2025-05-16 01:30:00+00:00,590.1,590.2,590.1,590.2,4252.0,57.569125188828316,0.31935502298006213,0.3815886144738299,590.7709672089297,589.0174527910704,589.8181568727865,0.0
2025-05-16 01:40:00+00:00,590.19,590.2,590.1304,590.15,11450.0,56.71999205584314,0.30413058215742694,0.36609700801054934,590.7911732607905,589.0612567392094,589.9346828355117,0.0
2025-05-16 01:50:00+00:00,590.14,590.18,590.02,590.08,7334.0,55.486083578399594,0.2831526802916642,0.3495081424667723,590.7911732607905,589.0612567392094,590.0390648963732,0.0
2025-05-16 02:00:00+00:00,590.08,590.0999,589.78,590.01,50670.0,54.21592386781443,0.25790614543632273,0.33118774306068244,590.7959458547754,589.0644841452248,590.1270414685916,0.0
2025-05-16 02:10:00+00:00,590.1,590.13,589.9417,589.96,6527.0,53.277763898958334,0.23119839139940268,0.3111898727284265,590.8025947259987,589.0818352740012,590.2990081819095,0.0
2025-05-16 02:20:00+00:00,590.02,590.159,589.98,590.059,6192.0,54.94036320662773,0.21553620927477368,0.29205914003769595,590.8059704078105,589.1363595921896,590.2957562947906,0.0
2025-05-16 02:30:00+00:00,590.0,590.189,589.92,590.0,6703.0,53.713630392499994,0.196102463060015,0.27286780464215976,590.8116747051712,589.1456552948288,590.1925272844725,0.0
2025-05-16 02:40:00+00:00,590.011,590.02,589.86,589.86,14736.0,50.81425324614631,0.1674737164465796,0.25178898700304375,590.6597958553757,589.4065341446244,590.1419027054997,0.0
2025-05-16 02:50:00+00:00,589.86,589.949,589.76,589.76,11641.0,48.78846517892014,0.13515804640542228,0.22846279888351947,590.517987483162,589.621342516838,590.0626538611135,0.0
2025-05-16 03:00:00+00:00,589.78,589.83,589.73,589.83,3645.0,50.28263275248486,0.11388328444820672,0.20554689599645692,590.4280136080308,589.757316391969,590.0159284520072,0.0
2025-05-16 03:10:00+00:00,589.88,589.9,589.6531,589.7599,5211.0,48.74872433052657,0.09032518565607006,0.18250255392837955,590.3921819833213,589.7281380166787,589.9947834477063,0.0
2025-05-16 03:20:00+00:00,589.7701,589.8599,589.7,589.8299,3614.0,50.37664142290173,0.0764226844867153,0.1612865800400467,590.3718298275438,589.7054801724563,589.9835466946594,0.0
2025-05-16 03:30:00+00:00,589.81,590.031,589.81,590.01,4598.0,54.390680126644256,0.07902644927435176,0.14483455388690772,590.3373062845151,589.7120037154848,589.978299394674,0.0
2025-05-16 03:40:00+00:00,590.1,590.24,590.09,590.24,5484.0,58.95668753319853,0.09851342796241624,0.13557032870200944,590.3442401786671,589.709069821333,589.9781408380672,0.0
2025-05-16 03:50:00+00:00,590.1096,590.16,590.02,590.16,7653.0,56.82572962905367,0.10627657732823081,0.12971157842725373,590.3160297980363,589.7222802019638,589.9797427873796,0.0
2025-05-16 04:00:00+00:00,590.18,590.18,590.18,590.18,103.0,57.24181813401255,0.11274312936882325,0.12631788861556764,590.2938628972996,589.7334471027003,589.9644953784552,0.0
2025-05-16 12:00:00+00:00,591.13,591.61,590.53,591.61,17221.0,75.45568968156032,0.23059876838215132,0.14717406456888438,590.8439694075091,589.3443405924909,590.1116694886966,0.0
2025-05-16 12:10:00+00:00,591.51,591.64,591.43,591.43,4895.0,71.33646236564799,0.30594892694387,0.17892903704388152,591.1121501717744,589.2161598282257,590.257396658963,0.0
2025-05-16 12:20:00+00:00,591.5,591.64,591.5,591.61,4809.0,72.92804111181063,0.37585632835896376,0.21831449530689798,591.3768287887002,589.1024812113,590.3401642754261,0.0
2025-05-16 12:30:00+00:00,591.59,591.88,591.56,591.62,9421.0,73.01767863133787,0.42714154224984213,0.2600799046954868,591.5996768019237,589.0362031980764,590.4843781264831,0.0
2025-05-16 12:40:00+00:00,591.54,591.61,591.4,591.54,8244.0,70.9925274181171,0.45607278911882076,0.29927848158015363,591.7708683493041,588.9990116506959,590.5980629546614,0.0
2025-05-16 12:50:00+00:00,591.54,591.95,591.52,591.64,12030.0,72.0365615646382,0.481519517701372,0.3357266888043973,591.9435532535638,588.9753267464362,590.835323942957,0.0
2025-05-16 13:00:00+00:00,591.68,591.68,591.46,591.48,2692.0,67.82996309536645,0.4832054786398885,0.36522244677149557,592.0664844851738,588.9923955148263,590.9879846321505,0.0
2025-05-16 13:10:00+00:00,591.51,591.6,591.48,591.52,2567.0,68.32790600664136,0.48221065625682513,0.3886200886685615,592.1803710487616,589.0295089512383,591.0528381943033,0.0
2025-05-16 13:20:00+00:00,591.69,591.79,591.64,591.68,4236.0,70.30768507328025,0.4886994916404319,0.4086359692629356,592.3035032605889,589.0783767394113,591.1605860472553,0.0
2025-05-16 13:30:00+00:00,591.54,591.54,591.45,591.49,2780.0,65.1033906320309,0.47305741689365277,0.42152025878907906,592.3835120243414,589.1414679756585,591.228086111015,0.0
2025-05-16 13:40:00+00:00,591.42,591.52,591.3,591.4,10663.0,62.734531099670626,0.44823177523289814,0.4268625620778429,592.436584137948,589.228395862052,591.311916707975,0.0
2025-05-16 13:50:00+00:00,591.28,591.48,591.28,591.31,5097.0,60.3689700997825,0.4164939445844311,0.42478883857916055,592.4569400002893,589.3530399997105,591.3809634855879,0.0
2025-05-16 14:00:00+00:00,591.22,591.28,591.17,591.17,5322.0,56.78215044501606,0.37571366194424627,0.4149738032521777,592.4385393646481,589.5124406353519,591.4783609754293,0.0
2025-05-16 14:10:00+00:00,591.24,591.59,591.21,591.49,10907.0,62.29638673655349,0.3650087264063586,0.4049807878830139,592.4381537573685,589.6788262426315,591.4744580574389,0.0
2025-05-16 14:20:00+00:00,591.53,591.73,591.51,591.58,5643.0,63.69924903198109,0.35964151222242435,0.395912932750896,592.4094441186929,589.8895458813071,591.5260945139931,0.0
2025-05-16 14:30:00+00:00,591.77,591.81,591.61,591.69,3452.0,65.39404628895423,0.3601128798877653,0.3887529221782699,592.3663482992797,590.1186517007202,591.5345117208989,0.0
2025-05-16 14:40:00+00:00,591.73,591.96,591.71,591.81,12462.0,67.1934788182251,0.36595098412817606,0.38419253456825114,592.3281078544252,590.336892145575,591.570171210408,0.0
2025-05-16 14:50:00+00:00,591.74,591.77,591.58,591.63,5476.0,61.986809780922115,0.35199564147762885,0.3777531559501267,592.2685471711292,590.5354528288707,591.5635577493603,0.0
2025-05-16 15:00:00+00:00,591.65,591.85,591.47,591.49,21555.0,58.20881120530887,0.32588253095104847,0.36737903095031105,592.1213790085392,590.8156209914607,591.5754180571182,0.0
2025-05-16 15:10:00+00:00,591.56,591.9,591.52,591.88,26863.0,64.6689305662243,0.33282089129681935,0.3604674030196127,591.8684142737161,591.2385857262839,591.6054785393087,0.0
2025-05-16 15:20:00+00:00,591.85,592.19,591.85,592.17,28319.0,68.56069726003923,0.3575980010685953,0.35989352262940927,591.9955181152918,591.1674818847082,591.6972004880444,0.0
2025-05-16 15:30:00+00:00,592.14,592.18,591.8,591.9,77149.0,61.7417207762972,0.3513966141255196,0.35819414092863133,592.0349999997552,591.1750000002448,591.7913028440128,0.0
2025-05-16 15:40:00+00:00,591.92,592.18,591.88,592.15,18540.0,65.19366081258335,0.3624764777555356,0.3590506082940122,592.123308456867,591.1406915431329,591.8149536633821,0.0
2025-05-16 15:50:00+00:00,592.18,592.34,592.1,592.23,26239.0,66.24328223245554,0.3734082629043769,0.3619221392160851,592.2185170858784,591.1064829141217,591.8600066877,0.0
2025-05-16 16:00:00+00:00,591.97,592.31,589.57,592.18,89219.0,64.92546820013433,0.37372908303063923,0.364283527978996,592.2908379912333,591.0981620087666,591.7399419566603,0.0
2025-05-16 16:10:00+00:00,592.16,592.47,592.14,592.41,49809.0,68.07196299774886,0.3880689952887906,0.3690406214409549,592.4049255909605,591.0610744090394,591.8235262257572,0.0
2025-05-16 16:20:00+00:00,592.41,592.53,592.32,592.5094,119523.0,69.35159825960952,0.40281087531673165,0.3757946722161103,592.5251757095682,591.0437642904317,591.9821337290336,0.0
2025-05-16 16:30:00+00:00,592.49,592.57,591.73,591.76,80757.0,52.32478357209815,0.3499891474148171,0.37063356725585167,592.5273597510478,591.0655802489522,591.9982045124005,0.0
2025-05-16 16:40:00+00:00,591.71,591.91,589.42,591.72,83188.0,51.596619627627604,0.3014252392590606,0.3567919016564935,592.5282921072197,591.0686478927802,591.8745680660368,0.0
2025-05-16 16:50:00+00:00,591.71,591.77,591.2135,591.27,82926.0,44.152486924623176,0.22404411190905194,0.33024234370700517,592.5417787353246,591.0331612646754,591.8229298510902,0.0
2025-05-16 17:00:00+00:00,591.26,591.53,591.0,591.47,79556.0,47.759924449306254,0.1768190792340647,0.29955769081241707,592.5386754956244,591.0432645043757,591.773511564669,0.0
2025-05-16 17:10:00+00:00,591.5,591.77,591.44,591.67,50659.0,51.15756163032924,0.15375879347175214,0.2703979113442841,592.52620624294,591.0917337570601,591.7653401514879,0.0
2025-05-16 17:20:00+00:00,591.65,591.82,590.81,591.22,332320.0,44.19299855822737,0.09804194515686504,0.2359267181068003,592.5200766808791,591.1028633191208,591.6285023517402,0.0
2025-05-16 17:30:00+00:00,591.25,591.42,590.3,590.78,2508194.0,38.65208012677707,0.018172141546642706,0.1923758027947688,592.6061506479238,590.9457893520763,591.0775011464268,0.0
2025-05-16 17:40:00+00:00,590.8,590.87,590.01,590.8473,1576489.0,39.89343867942867,-0.03924234437647556,0.14605217336051993,592.66054950319,590.8181204968099,590.9192105483911,0.0
2025-05-16 17:50:00+00:00,590.84,591.4,590.62,591.36,1764368.0,48.451009474807385,-0.04287885221503984,0.10826596824540798,592.6586979071012,590.7869720928988,590.9608517522186,0.0
2025-05-16 18:00:00+00:00,591.31,591.37,590.2,590.91,1986691.0,42.70412665259401,-0.08113675605193293,0.0703854233859398,592.6770146539606,590.6786553460396,590.928331941738,0.0
2025-05-16 18:10:00+00:00,590.9,591.47,590.3599,591.4,1575664.0,49.700336697095075,-0.07109794274981596,0.04208875015878865,592.6727205130559,590.6599494869441,590.9475714290141,0.0
2025-05-16 18:20:00+00:00,591.41,591.63,590.78,590.89,1574743.0,43.71693716856111,-0.10310630335061433,0.013049739456908056,592.6963030188049,590.576366981195,590.9647510409075,0.0
2025-05-16 18:30:00+00:00,590.89,590.91,590.18,590.33,2128345.0,38.268931587561745,-0.1716814428144744,-0.023896496997368438,592.754215651044,590.3634543489559,590.8848276106114,0.0
2025-05-16 18:40:00+00:00,590.3331,590.385,589.28,590.21,2073167.0,37.19914134099948,-0.23302456982673903,-0.06572211156324256,592.7568618287703,590.1648081712299,590.7522103192431,0.0
2025-05-16 18:50:00+00:00,590.21,590.8,590.1899,590.46,1202442.0,40.90546275350967,-0.25848685372727687,-0.10427505999604943,592.738172059779,590.0394979402209,590.7271948566911,0.0
2025-05-16 19:00:00+00:00,590.46,590.91,590.39,590.52,4317638.0,41.79332625639205,-0.27070389263815287,-0.13756082652447013,592.6598297027233,589.9548402972766,590.7015762381766,0.0
2025-05-16 19:10:00+00:00,590.52,591.08,590.49,590.83,877463.0,46.28386789594417,-0.25246135739587316,-0.16054093269875075,592.5353910546046,589.9392789453955,590.7027993510521,0.0
2025-05-16 19:20:00+00:00,590.86,590.94,590.385,590.9,886629.0,47.27305754558585,-0.229707674714291,-0.17437428110185882,592.4036199429692,589.9430500570307,590.7021123240786,0.0
2025-05-16 19:30:00+00:00,590.89,591.45,590.88,591.22,1396915.0,51.655891410783404,-0.18373589854263628,-0.17624660459001432,592.2065415026336,590.0211284973664,590.7279536566886,0.0
2025-05-16 19:40:00+00:00,591.23,591.62,591.15,591.2359,863603.0,51.869968600523215,-0.14435589272670768,-0.169868462217353,591.939681847623,590.160638152377,590.7416985024566,0.0
2025-05-16 19:50:00+00:00,591.24,591.47,590.92,591.045,675611.0,49.06093981882356,-0.1270860204467681,-0.16131197386323604,591.8422793299061,590.1865406700939,590.7435603988332,0.0
2025-05-16 20:00:00+00:00,591.04,591.69,590.92,591.55,1099513.0,55.86941721294614,-0.07182231970944031,-0.1434140430324769,591.8077070487594,590.2041129512405,590.7868925884594,0.0
2025-05-16 20:10:00+00:00,591.5451,592.28,591.49,591.88,1240265.0,59.66348183961758,-0.0013812741777883275,-0.1150074892615392,591.9184618507429,590.1543581492572,590.8216156976657,0.0
2025-05-16 20:20:00+00:00,591.89,592.22,591.89,592.06,1302917.0,61.60262488334976,0.06818229453426738,-0.07836953250237788,592.0387829143102,590.0930370856898,590.8969935244787,0.0
2025-05-16 20:30:00+00:00,592.07,592.385,591.9,592.2,1135314.0,63.08893103758053,0.1330747509948651,-0.036080675802929285,592.1544456808497,590.0303743191503,590.9524820097477,0.0
2025-05-16 20:40:00+00:00,592.21,592.38,591.7799,591.7799,1341371.0,56.074657497875215,0.14888764707086466,0.0009129887718295029,592.2231550014498,590.0176549985503,591.0082670114681,0.0
2025-05-16 20:50:00+00:00,591.78,592.51,591.78,592.23,994638.0,61.06887546556808,0.1954853559957428,0.03982746221661217,592.3837440595275,590.0020659404724,591.1266410582373,0.0
2025-05-16 21:00:00+00:00,592.25,592.75,592.0949,592.6499,790258.0,65.06001239433013,0.2632620754554864,0.08451438486438702,592.6195537319657,589.9465162680344,591.3200819937794,0.0
2025-05-16 21:10:00+00:00,592.64,593.29,592.38,593.1399,1062039.0,69.04775177898327,0.3524516753118405,0.13810184295387773,592.9350420550378,589.8090179449622,591.4714941399403,0.0
2025-05-16 21:20:00+00:00,593.1348,593.23,592.88,593.09,1177716.0,68.19417915817007,0.4143323968481809,0.1933479537327384,593.1965685522314,589.7654914477687,591.8495982148062,0.0
2025-05-16 21:30:00+00:00,593.1,593.48,593.06,593.09,1152686.0,68.19417915817007,0.4580927069197287,0.24629690437013646,593.4178137914831,589.713246208517,592.0142269264861,0.0
2025-05-16 21:40:00+00:00,593.09,593.19,592.91,593.0099,998587.0,66.66006387481042,0.48076767683994603,0.2931910588640984,593.598177087765,589.744872912235,592.1553331885953,0.0
2025-05-16 21:50:00+00:00,593.005,593.095,592.58,592.82,968126.0,63.03930787803956,0.4779054147905981,0.33013393004939834,593.6811903421616,589.9108596578384,592.2912938455297,0.0
2025-05-16 22:00:00+00:00,592.82,593.08,592.66,592.75,917681.0,61.70873719291763,0.46463264065175736,0.35703367216987014,593.7029831363855,590.1430668636144,592.3801397938837,0.0
2025-05-16 22:10:00+00:00,592.73,593.16,592.661,593.09,653595.0,65.51597517214077,0.4760612917891649,0.3808391960937291,593.7701472390967,590.3389027609034,592.46239431094,0.0
2025-05-16 22:20:00+00:00,593.07,593.43,593.02,593.26,1380782.0,67.26837265497164,0.4931514168479225,0.4033016402445678,593.8310262251538,590.5520237748461,592.6113676891854,0.0
2025-05-16 22:30:00+00:00,593.26,593.54,593.13,593.5,1116290.0,69.61588691487437,0.5200664559469033,0.4266546033850349,593.9338589153805,590.7161910846195,592.7295730648924,0.0
2025-05-16 22:40:00+00:00,593.5,593.87,593.39,593.755,1251643.0,71.92023328170976,0.5555689343755148,0.4524374695831309,594.0519665184966,590.8835834815036,592.8671772246677,0.0
2025-05-16 22:50:00+00:00,593.75,594.0299,593.0507,593.57,1035819.0,67.89706299911674,0.5622951618124716,0.4744090080289991,594.129952722787,591.040597277213,592.9688173097635,0.0
2025-05-16 23:00:00+00:00,593.565,594.3493,593.53,594.07,1508469.0,72.3921034607059,0.601043115937614,0.4997358296107221,594.2704912977146,591.1834687022855,593.1591432470352,0.0
2025-05-16 23:10:00+00:00,594.08,594.205,593.83,594.07,1069903.0,72.3921034607059,0.6245517054551328,0.5246990047796043,594.3224772351264,591.4339827648737,593.2862751340717,0.0
2025-05-16 23:20:00+00:00,594.06,594.075,593.685,593.855,1639526.0,67.66707869875646,0.6187017205420489,0.5434995479320932,594.3612141723333,591.6257458276668,593.3855978190547,0.0
2025-05-16 23:30:00+00:00,593.85,593.89,593.4,593.48,2711027.0,60.27710686207353,0.5771531372563459,0.5502302657969438,594.3558487325286,591.7911112674715,593.4442354268635,0.0
2025-05-16 23:40:00+00:00,593.4769,594.14,593.19,593.97,3022748.0,65.56850807457164,0.5771119037732433,0.5556065933922038,594.4193038965026,591.9186561034975,593.517293839183,0.0
2025-05-16 23:50:00+00:00,593.95,594.5,593.74,594.29,4754462.0,68.51789757428044,0.5960298900325824,0.5636912527202795,594.5317254316086,592.0152345683915,593.6688083720061,0.0
2025-05-17 00:00:00+00:00,594.3,594.3,593.91,593.94,1845628.0,62.23823503050524,0.5761390827995001,0.5661808187361237,594.4674015644109,592.2955684355891,593.7247154144485,0.0
2025-05-17 00:10:00+00:00,593.959,594.3897,593.89,593.94,7596661.0,62.23823503050524,0.5539894294653323,0.5637425408819654,594.4402157253991,592.493754274601,593.8398520933171,0.0
2025-05-17 00:20:00+00:00,593.969,594.34,593.969,594.1,512906.0,63.98808109977908,0.5430859753777213,0.5596112277811166,594.4737095477293,592.6052704522707,593.8756929064606,0.0
2025-05-17 00:30:00+00:00,594.1,594.12,594.0,594.0,197510.0,62.05267212732944,0.520377161202191,0.5517644144653315,594.5183624594508,592.6466275405492,593.896749577818,0.0
2025-05-17 00:40:00+00:00,594.0199,594.0199,592.75,592.87,451332.0,45.35764053478239,0.40651268102249105,0.5227140677767634,594.5350215754814,592.6079684245184,593.9177487257356,0.0
2025-05-17 00:50:00+00:00,592.81,592.81,590.7,591.55,607353.0,33.88793962657395,0.20737084975894504,0.4596454241731998,594.7889402022624,592.2000497977376,593.8905927565884,0.0
2025-05-17 01:00:00+00:00,591.7,592.16,591.5995,592.0,198796.0,39.50423425357521,0.08488228281726151,0.38469279590201216,594.8810546265752,592.006945373425,593.8862556478987,0.0
2025-05-17 01:10:00+00:00,592.0,592.16,591.96,591.99,127477.0,39.42408435531463,-0.012849583394199726,0.3051843200427698,594.9527209519168,591.8522790480832,593.8905352407605,0.0
2025-05-17 01:20:00+00:00,592.01,592.09,591.9,591.9501,67953.0,39.083355628076575,-0.09245660582894288,0.22565613486842728,595.0158435925642,591.7091664074359,593.879671541113,0.0
2025-05-17 01:30:00+00:00,591.92,591.92,590.99,591.0499,129084.0,32.300569653093916,-0.22558396977831308,0.13540811393907923,595.1961355555125,591.3248644444877,593.858860473615,0.0
2025-05-17 01:40:00+00:00,591.04,592.2,590.8159,591.0,159475.0,31.969364947175208,-0.33129590484088567,0.04206731018308625,595.319499310259,590.9755006897411,593.8399657579934,0.0
2025-05-17 01:50:00+00:00,590.9,591.0292,590.35,590.72,125622.0,30.104044974400225,-0.4326793764158765,-0.0528820271367063,595.4155722888537,590.6014277111464,593.8542700233475,0.0
2025-05-17 02:00:00+00:00,590.72,591.0,590.3,590.3885,45389.0,28.019595479303618,-0.5336244965795913,-0.1490305210252833,595.4749598738123,590.2053901261878,593.8611315136283,0.0
2025-05-17 02:10:00+00:00,590.35,590.7,590.1044,590.46,18548.0,29.158949548148044,-0.6009276591399839,-0.23940994864822343,595.4903635128738,589.8789864871261,593.7317014220384,0.0
